keyword,wedding photo booth rental Laguna Beach	,wedding photo booth rental Laguna Beach	,https://sites.google.com/view/photoboothrentalslagunabeach/photo-booth-rental-in-laguna-beach
keyword,Roaming Photographer photo booth rental La Palma,Roaming Photographer photo booth rental La Palma,https://drive.google.com/drive/folders/1WoGFFYO4iqMG2UgSAD1lfA6U_seA6MUf?usp=sharing
keyword,Roaming Photographer photo booth rental Aliso Viejo    ,Roaming Photographer photo booth rental Aliso Viejo    ,https://docs.google.com/document/d/1w6VsbDjZ0kIzwii4loE5WulTAPNZWbtBQAEyFKUfVms/edit?usp=sharing
keyword,Roaming Photographer photo booth rental Anaheim,Roaming Photographer photo booth rental Anaheim,https://docs.google.com/document/d/1w6VsbDjZ0kIzwii4loE5WulTAPNZWbtBQAEyFKUfVms/pub
keyword,Roaming Photographer photo booth rental Lake Forest,Roaming Photographer photo booth rental Lake Forest,https://docs.google.com/document/d/1GJKlIcFV6zGwbt9taAHLuwyqHm7fGuNLUfU5Kl2GSQs/edit?usp=sharing
keyword,Roaming Photographer photo booth rental Balboa Island,Roaming Photographer photo booth rental Balboa Island,https://docs.google.com/document/d/1GJKlIcFV6zGwbt9taAHLuwyqHm7fGuNLUfU5Kl2GSQs/pub
keyword,Roaming Photographer photo booth rental Los Alamitos,Roaming Photographer photo booth rental Los Alamitos,https://docs.google.com/document/d/1GJKlIcFV6zGwbt9taAHLuwyqHm7fGuNLUfU5Kl2GSQs/view
keyword,Roaming Photographer photo booth rental Brea,Roaming Photographer photo booth rental Brea,https://docs.google.com/document/d/1VhPJBXFFgi2BHog726nn4EaPTHUJ9lSLq9UXwCv6QCM/edit?usp=sharing
keyword,Roaming Photographer photo booth rental Mission Viejo,Roaming Photographer photo booth rental Mission Viejo,https://docs.google.com/document/d/1VhPJBXFFgi2BHog726nn4EaPTHUJ9lSLq9UXwCv6QCM/pub
keyword,Roaming Photographer photo booth rental Buena Park,Roaming Photographer photo booth rental Buena Park,https://docs.google.com/document/d/1VhPJBXFFgi2BHog726nn4EaPTHUJ9lSLq9UXwCv6QCM/view
keyword,Roaming Photographer photo booth rental Monarch Beach,Roaming Photographer photo booth rental Monarch Beach,https://docs.google.com/document/d/1zDHe1ZSHSi-BJyj6trx3FwnEOWcagp5muWHe-7whGZc/edit?usp=sharing
keyword,Roaming Photographer photo booth rental Costa Mesa    ,Roaming Photographer photo booth rental Costa Mesa    ,https://docs.google.com/document/d/1zDHe1ZSHSi-BJyj6trx3FwnEOWcagp5muWHe-7whGZc/pub
keyword,Roaming Photographer photo booth rental Newport Beach,Roaming Photographer photo booth rental Newport Beach,https://docs.google.com/document/d/1zDHe1ZSHSi-BJyj6trx3FwnEOWcagp5muWHe-7whGZc/view
keyword,Roaming Photographer photo booth rental Corona Del Mar,Roaming Photographer photo booth rental Corona Del Mar,https://docs.google.com/document/d/1Oxz3eE0oZ_D4yld-iQeR6rpXbudtANG9W3KON0NYDf8/edit?usp=sharing
keyword,Roaming Photographer photo booth rental Newport Coast,Roaming Photographer photo booth rental Newport Coast,https://docs.google.com/document/d/1Oxz3eE0oZ_D4yld-iQeR6rpXbudtANG9W3KON0NYDf8/pub
keyword,Roaming Photographer photo booth rental Coto de Caza,Roaming Photographer photo booth rental Coto de Caza,https://docs.google.com/document/d/1Oxz3eE0oZ_D4yld-iQeR6rpXbudtANG9W3KON0NYDf8/view
keyword,Roaming Photographer photo booth rental Orange,Roaming Photographer photo booth rental Orange,https://docs.google.com/document/d/1xE6izWOUPhPBDgw5fyJWseWcUASfQuL0yrlkML-faAo/edit?usp=sharing
keyword,Roaming Photographer photo booth rental Cypress    ,Roaming Photographer photo booth rental Cypress    ,https://docs.google.com/document/d/1xE6izWOUPhPBDgw5fyJWseWcUASfQuL0yrlkML-faAo/pub
keyword,Roaming Photographer photo booth rental Placentia,Roaming Photographer photo booth rental Placentia,https://docs.google.com/document/d/1xE6izWOUPhPBDgw5fyJWseWcUASfQuL0yrlkML-faAo/view
keyword,Roaming Photographer photo booth rental Dana Point,Roaming Photographer photo booth rental Dana Point,https://docs.google.com/document/d/1BHEDHY5HlTExwjCoWZpzR74ErDjBlPA3l6brTyNpez0/edit?usp=sharing
keyword,Roaming Photographer photo booth rental Portola Hills,Roaming Photographer photo booth rental Portola Hills,https://docs.google.com/document/d/1BHEDHY5HlTExwjCoWZpzR74ErDjBlPA3l6brTyNpez0/pub
keyword,Roaming Photographer photo booth rental Monarch Beach,Roaming Photographer photo booth rental Monarch Beach,https://docs.google.com/document/d/1yWLr6d6tNbIXHigfZ6zab1bo1ReQt_v11YpCBIw8Gpc/edit?usp=sharing
keyword,Roaming Photographer photo booth rental Costa Mesa    ,Roaming Photographer photo booth rental Costa Mesa    ,https://docs.google.com/document/d/1yWLr6d6tNbIXHigfZ6zab1bo1ReQt_v11YpCBIw8Gpc/pub
keyword,Roaming Photographer photo booth rental Newport Beach,Roaming Photographer photo booth rental Newport Beach,https://docs.google.com/document/d/1yWLr6d6tNbIXHigfZ6zab1bo1ReQt_v11YpCBIw8Gpc/view