target url,Wedding Reception Photo Booth Rentals,"=HYPERLINK(""https://sites.google.com/view/photoboothrentalsorangecounty/home"", IMAGE(""https://chart.googleapis.com/chart?chs=150x150&cht=qr&chl=https://sites.google.com/view/photoboothrentalsorangecounty/home"",1))",https://sites.google.com/view/photoboothrentalsorangecounty/home,"=HYPERLINK(""https://sites.google.com/view/photoboothrentalsorangecounty/home"",""Wedding Reception Photo Booth Rentals"")",,
folder top,Wedding Reception Photo Booth Rentals,"=HYPERLINK(""https://drive.google.com/drive/folders/1OGWO16Hcq3LcWH9Va308LFUb2rnyuhf1?usp=sharing"", IMAGE(""https://chart.googleapis.com/chart?chs=150x150&cht=qr&chl=https://drive.google.com/drive/folders/1OGWO16Hcq3LcWH9Va308LFUb2rnyuhf1?usp=sharing"",1))",https://drive.google.com/drive/folders/1OGWO16Hcq3LcWH9Va308LFUb2rnyuhf1?usp=sharing,"=HYPERLINK(""https://drive.google.com/drive/folders/1OGWO16Hcq3LcWH9Va308LFUb2rnyuhf1?usp=sharing"",""Wedding Reception Photo Booth Rentals"")",,
rss feed,Wedding Reception Photo Booth Rentals,"=HYPERLINK(""https://news.google.com/rss/search?q=selfiebooth&hl=en-US&gl=US&ceid=US:en"", IMAGE(""https://chart.googleapis.com/chart?chs=150x150&cht=qr&chl=https://news.google.com/rss/search?q=selfiebooth&hl=en-US&gl=US&ceid=US:en"",1))",https://news.google.com/rss/search?q=selfiebooth&hl=en-US&gl=US&ceid=US:en,"=HYPERLINK(""https://news.google.com/rss/search?q=selfiebooth&hl=en-US&gl=US&ceid=US:en"",""Wedding Reception Photo Booth Rentals"")",,
folder articles,Wedding Reception Photo Booth Rentals Articles,"=HYPERLINK(""https://drive.google.com/drive/folders/1La7Z6ZHiHrQicpF_hmaC-xgihJXcM-HB?usp=sharing"", IMAGE(""https://chart.googleapis.com/chart?chs=150x150&cht=qr&chl=https://drive.google.com/drive/folders/1La7Z6ZHiHrQicpF_hmaC-xgihJXcM-HB?usp=sharing"",1))",https://drive.google.com/drive/folders/1La7Z6ZHiHrQicpF_hmaC-xgihJXcM-HB?usp=sharing,"=HYPERLINK(""https://drive.google.com/drive/folders/1La7Z6ZHiHrQicpF_hmaC-xgihJXcM-HB?usp=sharing"",""Wedding Reception Photo Booth Rentals Articles"")",,
folder photos,Wedding Reception Photo Booth Rentals Photos,"=HYPERLINK(""https://drive.google.com/drive/folders/13_qTPaN6pk9jscW_ngEbeJsvzqKDaQu_?usp=sharing"", IMAGE(""https://chart.googleapis.com/chart?chs=150x150&cht=qr&chl=https://drive.google.com/drive/folders/13_qTPaN6pk9jscW_ngEbeJsvzqKDaQu_?usp=sharing"",1))",https://drive.google.com/drive/folders/13_qTPaN6pk9jscW_ngEbeJsvzqKDaQu_?usp=sharing,"=HYPERLINK(""https://drive.google.com/drive/folders/13_qTPaN6pk9jscW_ngEbeJsvzqKDaQu_?usp=sharing"",""Wedding Reception Photo Booth Rentals Photos"")",,
folder pdfs,Wedding Reception Photo Booth Rentals PDFs,"=HYPERLINK(""https://drive.google.com/drive/folders/1NnieMXp661dJVT-iAFjc3FZ9n63CFYyc?usp=sharing"", IMAGE(""https://chart.googleapis.com/chart?chs=150x150&cht=qr&chl=https://drive.google.com/drive/folders/1NnieMXp661dJVT-iAFjc3FZ9n63CFYyc?usp=sharing"",1))",https://drive.google.com/drive/folders/1NnieMXp661dJVT-iAFjc3FZ9n63CFYyc?usp=sharing,"=HYPERLINK(""https://drive.google.com/drive/folders/1NnieMXp661dJVT-iAFjc3FZ9n63CFYyc?usp=sharing"",""Wedding Reception Photo Booth Rentals PDFs"")",,
folder slides,Wedding Reception Photo Booth Rentals Slides,"=HYPERLINK(""https://drive.google.com/drive/folders/16Fx07NeKgBfAI5FQk4XK1lbM1wMw-H5C?usp=sharing"", IMAGE(""https://chart.googleapis.com/chart?chs=150x150&cht=qr&chl=https://drive.google.com/drive/folders/16Fx07NeKgBfAI5FQk4XK1lbM1wMw-H5C?usp=sharing"",1))",https://drive.google.com/drive/folders/16Fx07NeKgBfAI5FQk4XK1lbM1wMw-H5C?usp=sharing,"=HYPERLINK(""https://drive.google.com/drive/folders/16Fx07NeKgBfAI5FQk4XK1lbM1wMw-H5C?usp=sharing"",""Wedding Reception Photo Booth Rentals Slides"")",,
photo,Wedding Reception Photo Booth Rentals,"=HYPERLINK(""https://drive.google.com/file/d/1cVuisblPPXzKlUPvgtbF8PWVe1iI1MOq/view?usp=sharing"", IMAGE(""https://chart.googleapis.com/chart?chs=150x150&cht=qr&chl=https://drive.google.com/file/d/1cVuisblPPXzKlUPvgtbF8PWVe1iI1MOq/view?usp=sharing"",1))",https://drive.google.com/file/d/1cVuisblPPXzKlUPvgtbF8PWVe1iI1MOq/view?usp=sharing,"=HYPERLINK(""https://drive.google.com/file/d/1cVuisblPPXzKlUPvgtbF8PWVe1iI1MOq/view?usp=sharing"",""Wedding Reception Photo Booth Rentals"")",,
photo,Wedding Reception Photo Booth Rentals,"=HYPERLINK(""https://drive.google.com/file/d/1W5kD607CauQ4jkDoK4Z7oz4rLQmbfEUF/view?usp=sharing"", IMAGE(""https://chart.googleapis.com/chart?chs=150x150&cht=qr&chl=https://drive.google.com/file/d/1W5kD607CauQ4jkDoK4Z7oz4rLQmbfEUF/view?usp=sharing"",1))",https://drive.google.com/file/d/1W5kD607CauQ4jkDoK4Z7oz4rLQmbfEUF/view?usp=sharing,"=HYPERLINK(""https://drive.google.com/file/d/1W5kD607CauQ4jkDoK4Z7oz4rLQmbfEUF/view?usp=sharing"",""Wedding Reception Photo Booth Rentals"")",,
spreadsheet,Wedding Reception Photo Booth Rentals,"=HYPERLINK(""https://docs.google.com/spreadsheets/d/1v3ulsnOr31hi5ZkLWFOq4sMqbcET6ZI3oGM5QXqdsSo/edit?usp=sharing"", IMAGE(""https://chart.googleapis.com/chart?chs=150x150&cht=qr&chl=https://docs.google.com/spreadsheets/d/1v3ulsnOr31hi5ZkLWFOq4sMqbcET6ZI3oGM5QXqdsSo/edit?usp=sharing"",1))",https://docs.google.com/spreadsheets/d/1v3ulsnOr31hi5ZkLWFOq4sMqbcET6ZI3oGM5QXqdsSo/edit?usp=sharing,"=HYPERLINK(""https://docs.google.com/spreadsheets/d/1v3ulsnOr31hi5ZkLWFOq4sMqbcET6ZI3oGM5QXqdsSo/edit?usp=sharing"",""Wedding Reception Photo Booth Rentals"")",,
spreadsheet key,Wedding Reception Photo Booth Rentals key,"=HYPERLINK(""https://docs.google.com/spreadsheet/pub?key=1v3ulsnOr31hi5ZkLWFOq4sMqbcET6ZI3oGM5QXqdsSo"", IMAGE(""https://chart.googleapis.com/chart?chs=150x150&cht=qr&chl=https://docs.google.com/spreadsheet/pub?key=1v3ulsnOr31hi5ZkLWFOq4sMqbcET6ZI3oGM5QXqdsSo"",1))",https://docs.google.com/spreadsheet/pub?key=1v3ulsnOr31hi5ZkLWFOq4sMqbcET6ZI3oGM5QXqdsSo,"=HYPERLINK(""https://docs.google.com/spreadsheets/d/1v3ulsnOr31hi5ZkLWFOq4sMqbcET6ZI3oGM5QXqdsSo/edit?usp=sharing"",""Wedding Reception Photo Booth Rentals"")",,
spreadsheet pubhtml,Wedding Reception Photo Booth Rentals pubhtml,"=HYPERLINK(""https://docs.google.com/spreadsheets/d/1v3ulsnOr31hi5ZkLWFOq4sMqbcET6ZI3oGM5QXqdsSo/pubhtml"", IMAGE(""https://chart.googleapis.com/chart?chs=150x150&cht=qr&chl=https://docs.google.com/spreadsheets/d/1v3ulsnOr31hi5ZkLWFOq4sMqbcET6ZI3oGM5QXqdsSo/pubhtml"",1))",https://docs.google.com/spreadsheets/d/1v3ulsnOr31hi5ZkLWFOq4sMqbcET6ZI3oGM5QXqdsSo/pubhtml,"=HYPERLINK(""https://docs.google.com/spreadsheets/d/1v3ulsnOr31hi5ZkLWFOq4sMqbcET6ZI3oGM5QXqdsSo/edit?usp=sharing"",""Wedding Reception Photo Booth Rentals"")",,
spreadsheet pub,Wedding Reception Photo Booth Rentals pub,"=HYPERLINK(""https://docs.google.com/spreadsheets/d/1v3ulsnOr31hi5ZkLWFOq4sMqbcET6ZI3oGM5QXqdsSo/pub"", IMAGE(""https://chart.googleapis.com/chart?chs=150x150&cht=qr&chl=https://docs.google.com/spreadsheets/d/1v3ulsnOr31hi5ZkLWFOq4sMqbcET6ZI3oGM5QXqdsSo/pub"",1))",https://docs.google.com/spreadsheets/d/1v3ulsnOr31hi5ZkLWFOq4sMqbcET6ZI3oGM5QXqdsSo/pub,"=HYPERLINK(""https://docs.google.com/spreadsheets/d/1v3ulsnOr31hi5ZkLWFOq4sMqbcET6ZI3oGM5QXqdsSo/edit?usp=sharing"",""Wedding Reception Photo Booth Rentals"")",,
spreadsheet view,Wedding Reception Photo Booth Rentals view,"=HYPERLINK(""https://docs.google.com/spreadsheets/d/1v3ulsnOr31hi5ZkLWFOq4sMqbcET6ZI3oGM5QXqdsSo/view"", IMAGE(""https://chart.googleapis.com/chart?chs=150x150&cht=qr&chl=https://docs.google.com/spreadsheets/d/1v3ulsnOr31hi5ZkLWFOq4sMqbcET6ZI3oGM5QXqdsSo/view"",1))",https://docs.google.com/spreadsheets/d/1v3ulsnOr31hi5ZkLWFOq4sMqbcET6ZI3oGM5QXqdsSo/view,"=HYPERLINK(""https://docs.google.com/spreadsheets/d/1v3ulsnOr31hi5ZkLWFOq4sMqbcET6ZI3oGM5QXqdsSo/edit?usp=sharing"",""Wedding Reception Photo Booth Rentals"")",,
form,Wedding Reception Photo Booth Rentals,"=HYPERLINK(""https://docs.google.com/forms/d/1QmuoF2wFXoM1zZOV7jnARAu62v-VuRgVhFBlN5mmNiQ/edit?usp=sharing"", IMAGE(""https://chart.googleapis.com/chart?chs=150x150&cht=qr&chl=https://docs.google.com/forms/d/1QmuoF2wFXoM1zZOV7jnARAu62v-VuRgVhFBlN5mmNiQ/edit?usp=sharing"",1))",https://docs.google.com/forms/d/1QmuoF2wFXoM1zZOV7jnARAu62v-VuRgVhFBlN5mmNiQ/edit?usp=sharing,"=HYPERLINK(""https://docs.google.com/forms/d/1QmuoF2wFXoM1zZOV7jnARAu62v-VuRgVhFBlN5mmNiQ/edit?usp=sharing"",""Wedding Reception Photo Booth Rentals"")",,
drawing,Wedding Reception Photo Booth Rentals,"=HYPERLINK(""https://docs.google.com/drawings/d/1Yk-HYttJG7WCMpgYJRnuI1GadmVxz3raL4lS4fa_R38/edit?usp=sharing"", IMAGE(""https://chart.googleapis.com/chart?chs=150x150&cht=qr&chl=https://docs.google.com/drawings/d/1Yk-HYttJG7WCMpgYJRnuI1GadmVxz3raL4lS4fa_R38/edit?usp=sharing"",1))",https://docs.google.com/drawings/d/1Yk-HYttJG7WCMpgYJRnuI1GadmVxz3raL4lS4fa_R38/edit?usp=sharing,"=HYPERLINK(""https://docs.google.com/drawings/d/1Yk-HYttJG7WCMpgYJRnuI1GadmVxz3raL4lS4fa_R38/edit?usp=sharing"",""Wedding Reception Photo Booth Rentals"")",,
image,CTA or Logo,"=HYPERLINK(""https://drive.google.com/file/d/1QpTiTGFtM9xqrHFr3NrlOHazlavUN-IZ/view?usp=drivesdk"", IMAGE(""https://chart.googleapis.com/chart?chs=150x150&cht=qr&chl=https://drive.google.com/file/d/1QpTiTGFtM9xqrHFr3NrlOHazlavUN-IZ/view?usp=drivesdk"",1))",https://drive.google.com/file/d/1QpTiTGFtM9xqrHFr3NrlOHazlavUN-IZ/view?usp=drivesdk,,,
image link,CTA or Logo - image link,"=HYPERLINK(""https://sites.google.com/view/photoboothrentalsinlongbeachca/home"", IMAGE(""https://chart.googleapis.com/chart?chs=150x150&cht=qr&chl=https://sites.google.com/view/photoboothrentalsinlongbeachca/home"",1))",https://sites.google.com/view/photoboothrentalsinlongbeachca/home,,,
document,Wedding Reception Photo Booth Rentals,"=HYPERLINK(""https://docs.google.com/document/d/1h9HDFUITF2WKNM1OAYwXi31-8JKan0zm1ZZG_51eipQ/edit?usp=sharing"", IMAGE(""https://chart.googleapis.com/chart?chs=150x150&cht=qr&chl=https://docs.google.com/document/d/1h9HDFUITF2WKNM1OAYwXi31-8JKan0zm1ZZG_51eipQ/edit?usp=sharing"",1))",https://docs.google.com/document/d/1h9HDFUITF2WKNM1OAYwXi31-8JKan0zm1ZZG_51eipQ/edit?usp=sharing,"=HYPERLINK(""https://docs.google.com/document/d/1h9HDFUITF2WKNM1OAYwXi31-8JKan0zm1ZZG_51eipQ/edit?usp=sharing"",""Wedding Reception Photo Booth Rentals"")",,
document pub,Wedding Reception Photo Booth Rentals pub,"=HYPERLINK(""https://docs.google.com/document/d/1h9HDFUITF2WKNM1OAYwXi31-8JKan0zm1ZZG_51eipQ/pub"", IMAGE(""https://chart.googleapis.com/chart?chs=150x150&cht=qr&chl=https://docs.google.com/document/d/1h9HDFUITF2WKNM1OAYwXi31-8JKan0zm1ZZG_51eipQ/pub"",1))",https://docs.google.com/document/d/1h9HDFUITF2WKNM1OAYwXi31-8JKan0zm1ZZG_51eipQ/pub,"=HYPERLINK(""https://docs.google.com/document/d/1h9HDFUITF2WKNM1OAYwXi31-8JKan0zm1ZZG_51eipQ/edit?usp=sharing"",""Wedding Reception Photo Booth Rentals"")",,
document view,Wedding Reception Photo Booth Rentals view,"=HYPERLINK(""https://docs.google.com/document/d/1h9HDFUITF2WKNM1OAYwXi31-8JKan0zm1ZZG_51eipQ/view"", IMAGE(""https://chart.googleapis.com/chart?chs=150x150&cht=qr&chl=https://docs.google.com/document/d/1h9HDFUITF2WKNM1OAYwXi31-8JKan0zm1ZZG_51eipQ/view"",1))",https://docs.google.com/document/d/1h9HDFUITF2WKNM1OAYwXi31-8JKan0zm1ZZG_51eipQ/view,"=HYPERLINK(""https://docs.google.com/document/d/1h9HDFUITF2WKNM1OAYwXi31-8JKan0zm1ZZG_51eipQ/edit?usp=sharing"",""Wedding Reception Photo Booth Rentals"")",,
presentation,Wedding Reception Photo Booth Rentals,"=HYPERLINK(""https://docs.google.com/presentation/d/1rvtzJYrPmmJcQo8x5Gh-UNrrw05xLAuZ0qvoY7LKcUk/edit?usp=sharing"", IMAGE(""https://chart.googleapis.com/chart?chs=150x150&cht=qr&chl=https://docs.google.com/presentation/d/1rvtzJYrPmmJcQo8x5Gh-UNrrw05xLAuZ0qvoY7LKcUk/edit?usp=sharing"",1))",https://docs.google.com/presentation/d/1rvtzJYrPmmJcQo8x5Gh-UNrrw05xLAuZ0qvoY7LKcUk/edit?usp=sharing,"=HYPERLINK(""https://docs.google.com/presentation/d/1rvtzJYrPmmJcQo8x5Gh-UNrrw05xLAuZ0qvoY7LKcUk/edit?usp=sharing"",""Wedding Reception Photo Booth Rentals"")",,
presentation pub,Wedding Reception Photo Booth Rentals pub,"=HYPERLINK(""https://docs.google.com/presentation/d/1rvtzJYrPmmJcQo8x5Gh-UNrrw05xLAuZ0qvoY7LKcUk/pub?start=true&loop=true&delayms=3000"", IMAGE(""https://chart.googleapis.com/chart?chs=150x150&cht=qr&chl=https://docs.google.com/presentation/d/1rvtzJYrPmmJcQo8x5Gh-UNrrw05xLAuZ0qvoY7LKcUk/pub?start=true&loop=true&delayms=3000"",1))",https://docs.google.com/presentation/d/1rvtzJYrPmmJcQo8x5Gh-UNrrw05xLAuZ0qvoY7LKcUk/pub?start=true&loop=true&delayms=3000,"=HYPERLINK(""https://docs.google.com/presentation/d/1rvtzJYrPmmJcQo8x5Gh-UNrrw05xLAuZ0qvoY7LKcUk/edit?usp=sharing"",""Wedding Reception Photo Booth Rentals"")",,
presentation view,Wedding Reception Photo Booth Rentals view,"=HYPERLINK(""https://docs.google.com/presentation/d/1rvtzJYrPmmJcQo8x5Gh-UNrrw05xLAuZ0qvoY7LKcUk/view"", IMAGE(""https://chart.googleapis.com/chart?chs=150x150&cht=qr&chl=https://docs.google.com/presentation/d/1rvtzJYrPmmJcQo8x5Gh-UNrrw05xLAuZ0qvoY7LKcUk/view"",1))",https://docs.google.com/presentation/d/1rvtzJYrPmmJcQo8x5Gh-UNrrw05xLAuZ0qvoY7LKcUk/view,"=HYPERLINK(""https://docs.google.com/presentation/d/1rvtzJYrPmmJcQo8x5Gh-UNrrw05xLAuZ0qvoY7LKcUk/edit?usp=sharing"",""Wedding Reception Photo Booth Rentals"")",,
presentation html,Wedding Reception Photo Booth Rentals html,"=HYPERLINK(""https://docs.google.com/presentation/d/1rvtzJYrPmmJcQo8x5Gh-UNrrw05xLAuZ0qvoY7LKcUk/htmlpresent"", IMAGE(""https://chart.googleapis.com/chart?chs=150x150&cht=qr&chl=https://docs.google.com/presentation/d/1rvtzJYrPmmJcQo8x5Gh-UNrrw05xLAuZ0qvoY7LKcUk/htmlpresent"",1))",https://docs.google.com/presentation/d/1rvtzJYrPmmJcQo8x5Gh-UNrrw05xLAuZ0qvoY7LKcUk/htmlpresent,"=HYPERLINK(""https://docs.google.com/presentation/d/1rvtzJYrPmmJcQo8x5Gh-UNrrw05xLAuZ0qvoY7LKcUk/edit?usp=sharing"",""Wedding Reception Photo Booth Rentals"")",,
calendar,Calendar - Wedding Reception Photo Booth Rentals,"=HYPERLINK(""https://calendar.google.com/calendar/embed?src=d2337b67baf5625444eea8373eeb3d789d434c29ed1eafb2c2481a913c0e64d9@group.calendar.google.com"", IMAGE(""https://chart.googleapis.com/chart?chs=150x150&cht=qr&chl=https://calendar.google.com/calendar/embed?src=d2337b67baf5625444eea8373eeb3d789d434c29ed1eafb2c2481a913c0e64d9@group.calendar.google.com"",1))",https://calendar.google.com/calendar/embed?src=d2337b67baf5625444eea8373eeb3d789d434c29ed1eafb2c2481a913c0e64d9@group.calendar.google.com,"=HYPERLINK(""https://calendar.google.com/calendar/embed?src=d2337b67baf5625444eea8373eeb3d789d434c29ed1eafb2c2481a913c0e64d9@group.calendar.google.com"",""Wedding Reception Photo Booth Rentals"")",,
Calendar - All Day Event,Calendar - Wedding Reception Photo Booth Rentals - Event,"=HYPERLINK(""https://www.google.com/calendar/event?eid=cTQzbjdjZWcyczU1ODluZmgwOGYzcTMyNmcgZDIzMzdiNjdiYWY1NjI1NDQ0ZWVhODM3M2VlYjNkNzg5ZDQzNGMyOWVkMWVhZmIyYzI0ODFhOTEzYzBlNjRkOUBncm91cC5jYWxlbmRhci5nb29nbGUuY29t"", IMAGE(""https://chart.googleapis.com/chart?chs=150x150&cht=qr&chl=https://www.google.com/calendar/event?eid=cTQzbjdjZWcyczU1ODluZmgwOGYzcTMyNmcgZDIzMzdiNjdiYWY1NjI1NDQ0ZWVhODM3M2VlYjNkNzg5ZDQzNGMyOWVkMWVhZmIyYzI0ODFhOTEzYzBlNjRkOUBncm91cC5jYWxlbmRhci5nb29nbGUuY29t"",1))",https://www.google.com/calendar/event?eid=cTQzbjdjZWcyczU1ODluZmgwOGYzcTMyNmcgZDIzMzdiNjdiYWY1NjI1NDQ0ZWVhODM3M2VlYjNkNzg5ZDQzNGMyOWVkMWVhZmIyYzI0ODFhOTEzYzBlNjRkOUBncm91cC5jYWxlbmRhci5nb29nbGUuY29t,"=HYPERLINK(""https://www.google.com/calendar/event?eid=cTQzbjdjZWcyczU1ODluZmgwOGYzcTMyNmcgZDIzMzdiNjdiYWY1NjI1NDQ0ZWVhODM3M2VlYjNkNzg5ZDQzNGMyOWVkMWVhZmIyYzI0ODFhOTEzYzBlNjRkOUBncm91cC5jYWxlbmRhci5nb29nbGUuY29t"",""Wedding Reception Photo Booth Rentals"")",,
Calendar - All Day Event,Calendar - Wedding Reception Photo Booth Rentals - Event,"=HYPERLINK(""https://www.google.com/calendar/event?eid=MnA3MGdqbzBuMmhkODZxdTI4cTA0djBrZ2MgZDIzMzdiNjdiYWY1NjI1NDQ0ZWVhODM3M2VlYjNkNzg5ZDQzNGMyOWVkMWVhZmIyYzI0ODFhOTEzYzBlNjRkOUBncm91cC5jYWxlbmRhci5nb29nbGUuY29t"", IMAGE(""https://chart.googleapis.com/chart?chs=150x150&cht=qr&chl=https://www.google.com/calendar/event?eid=MnA3MGdqbzBuMmhkODZxdTI4cTA0djBrZ2MgZDIzMzdiNjdiYWY1NjI1NDQ0ZWVhODM3M2VlYjNkNzg5ZDQzNGMyOWVkMWVhZmIyYzI0ODFhOTEzYzBlNjRkOUBncm91cC5jYWxlbmRhci5nb29nbGUuY29t"",1))",https://www.google.com/calendar/event?eid=MnA3MGdqbzBuMmhkODZxdTI4cTA0djBrZ2MgZDIzMzdiNjdiYWY1NjI1NDQ0ZWVhODM3M2VlYjNkNzg5ZDQzNGMyOWVkMWVhZmIyYzI0ODFhOTEzYzBlNjRkOUBncm91cC5jYWxlbmRhci5nb29nbGUuY29t,"=HYPERLINK(""https://www.google.com/calendar/event?eid=MnA3MGdqbzBuMmhkODZxdTI4cTA0djBrZ2MgZDIzMzdiNjdiYWY1NjI1NDQ0ZWVhODM3M2VlYjNkNzg5ZDQzNGMyOWVkMWVhZmIyYzI0ODFhOTEzYzBlNjRkOUBncm91cC5jYWxlbmRhci5nb29nbGUuY29t"",""Wedding Reception Photo Booth Rentals"")",,
Calendar - All Day Event,Calendar - Wedding Reception Photo Booth Rentals - Event,"=HYPERLINK(""https://www.google.com/calendar/event?eid=cGFhMzc0NGpnMDRvNTFzYXY5ZTZoZmY5bTggZDIzMzdiNjdiYWY1NjI1NDQ0ZWVhODM3M2VlYjNkNzg5ZDQzNGMyOWVkMWVhZmIyYzI0ODFhOTEzYzBlNjRkOUBncm91cC5jYWxlbmRhci5nb29nbGUuY29t"", IMAGE(""https://chart.googleapis.com/chart?chs=150x150&cht=qr&chl=https://www.google.com/calendar/event?eid=cGFhMzc0NGpnMDRvNTFzYXY5ZTZoZmY5bTggZDIzMzdiNjdiYWY1NjI1NDQ0ZWVhODM3M2VlYjNkNzg5ZDQzNGMyOWVkMWVhZmIyYzI0ODFhOTEzYzBlNjRkOUBncm91cC5jYWxlbmRhci5nb29nbGUuY29t"",1))",https://www.google.com/calendar/event?eid=cGFhMzc0NGpnMDRvNTFzYXY5ZTZoZmY5bTggZDIzMzdiNjdiYWY1NjI1NDQ0ZWVhODM3M2VlYjNkNzg5ZDQzNGMyOWVkMWVhZmIyYzI0ODFhOTEzYzBlNjRkOUBncm91cC5jYWxlbmRhci5nb29nbGUuY29t,"=HYPERLINK(""https://www.google.com/calendar/event?eid=cGFhMzc0NGpnMDRvNTFzYXY5ZTZoZmY5bTggZDIzMzdiNjdiYWY1NjI1NDQ0ZWVhODM3M2VlYjNkNzg5ZDQzNGMyOWVkMWVhZmIyYzI0ODFhOTEzYzBlNjRkOUBncm91cC5jYWxlbmRhci5nb29nbGUuY29t"",""Wedding Reception Photo Booth Rentals"")",,
Calendar - All Day Event,Calendar - Wedding Reception Photo Booth Rentals - Event,"=HYPERLINK(""https://www.google.com/calendar/event?eid=MWM1NjRiazk2dGNsbHJ2cWNqNjZvaTdlb2MgZDIzMzdiNjdiYWY1NjI1NDQ0ZWVhODM3M2VlYjNkNzg5ZDQzNGMyOWVkMWVhZmIyYzI0ODFhOTEzYzBlNjRkOUBncm91cC5jYWxlbmRhci5nb29nbGUuY29t"", IMAGE(""https://chart.googleapis.com/chart?chs=150x150&cht=qr&chl=https://www.google.com/calendar/event?eid=MWM1NjRiazk2dGNsbHJ2cWNqNjZvaTdlb2MgZDIzMzdiNjdiYWY1NjI1NDQ0ZWVhODM3M2VlYjNkNzg5ZDQzNGMyOWVkMWVhZmIyYzI0ODFhOTEzYzBlNjRkOUBncm91cC5jYWxlbmRhci5nb29nbGUuY29t"",1))",https://www.google.com/calendar/event?eid=MWM1NjRiazk2dGNsbHJ2cWNqNjZvaTdlb2MgZDIzMzdiNjdiYWY1NjI1NDQ0ZWVhODM3M2VlYjNkNzg5ZDQzNGMyOWVkMWVhZmIyYzI0ODFhOTEzYzBlNjRkOUBncm91cC5jYWxlbmRhci5nb29nbGUuY29t,"=HYPERLINK(""https://www.google.com/calendar/event?eid=MWM1NjRiazk2dGNsbHJ2cWNqNjZvaTdlb2MgZDIzMzdiNjdiYWY1NjI1NDQ0ZWVhODM3M2VlYjNkNzg5ZDQzNGMyOWVkMWVhZmIyYzI0ODFhOTEzYzBlNjRkOUBncm91cC5jYWxlbmRhci5nb29nbGUuY29t"",""Wedding Reception Photo Booth Rentals"")",,
Calendar - All Day Event,Calendar - Wedding Reception Photo Booth Rentals - Event,"=HYPERLINK(""https://www.google.com/calendar/event?eid=ZXJiMjdoZ2hxbnI2Z2pkZXN1NXZxaGpkOGcgZDIzMzdiNjdiYWY1NjI1NDQ0ZWVhODM3M2VlYjNkNzg5ZDQzNGMyOWVkMWVhZmIyYzI0ODFhOTEzYzBlNjRkOUBncm91cC5jYWxlbmRhci5nb29nbGUuY29t"", IMAGE(""https://chart.googleapis.com/chart?chs=150x150&cht=qr&chl=https://www.google.com/calendar/event?eid=ZXJiMjdoZ2hxbnI2Z2pkZXN1NXZxaGpkOGcgZDIzMzdiNjdiYWY1NjI1NDQ0ZWVhODM3M2VlYjNkNzg5ZDQzNGMyOWVkMWVhZmIyYzI0ODFhOTEzYzBlNjRkOUBncm91cC5jYWxlbmRhci5nb29nbGUuY29t"",1))",https://www.google.com/calendar/event?eid=ZXJiMjdoZ2hxbnI2Z2pkZXN1NXZxaGpkOGcgZDIzMzdiNjdiYWY1NjI1NDQ0ZWVhODM3M2VlYjNkNzg5ZDQzNGMyOWVkMWVhZmIyYzI0ODFhOTEzYzBlNjRkOUBncm91cC5jYWxlbmRhci5nb29nbGUuY29t,"=HYPERLINK(""https://www.google.com/calendar/event?eid=ZXJiMjdoZ2hxbnI2Z2pkZXN1NXZxaGpkOGcgZDIzMzdiNjdiYWY1NjI1NDQ0ZWVhODM3M2VlYjNkNzg5ZDQzNGMyOWVkMWVhZmIyYzI0ODFhOTEzYzBlNjRkOUBncm91cC5jYWxlbmRhci5nb29nbGUuY29t"",""Wedding Reception Photo Booth Rentals"")",,
Calendar - All Day Event,Calendar - Wedding Reception Photo Booth Rentals - Event,"=HYPERLINK(""https://www.google.com/calendar/event?eid=bjA0bzdndjBuZWxxbGNhZmowMnRrN2s5aW8gZDIzMzdiNjdiYWY1NjI1NDQ0ZWVhODM3M2VlYjNkNzg5ZDQzNGMyOWVkMWVhZmIyYzI0ODFhOTEzYzBlNjRkOUBncm91cC5jYWxlbmRhci5nb29nbGUuY29t"", IMAGE(""https://chart.googleapis.com/chart?chs=150x150&cht=qr&chl=https://www.google.com/calendar/event?eid=bjA0bzdndjBuZWxxbGNhZmowMnRrN2s5aW8gZDIzMzdiNjdiYWY1NjI1NDQ0ZWVhODM3M2VlYjNkNzg5ZDQzNGMyOWVkMWVhZmIyYzI0ODFhOTEzYzBlNjRkOUBncm91cC5jYWxlbmRhci5nb29nbGUuY29t"",1))",https://www.google.com/calendar/event?eid=bjA0bzdndjBuZWxxbGNhZmowMnRrN2s5aW8gZDIzMzdiNjdiYWY1NjI1NDQ0ZWVhODM3M2VlYjNkNzg5ZDQzNGMyOWVkMWVhZmIyYzI0ODFhOTEzYzBlNjRkOUBncm91cC5jYWxlbmRhci5nb29nbGUuY29t,"=HYPERLINK(""https://www.google.com/calendar/event?eid=bjA0bzdndjBuZWxxbGNhZmowMnRrN2s5aW8gZDIzMzdiNjdiYWY1NjI1NDQ0ZWVhODM3M2VlYjNkNzg5ZDQzNGMyOWVkMWVhZmIyYzI0ODFhOTEzYzBlNjRkOUBncm91cC5jYWxlbmRhci5nb29nbGUuY29t"",""Wedding Reception Photo Booth Rentals"")",,
Calendar - All Day Event,Calendar - Wedding Reception Photo Booth Rentals - Event,"=HYPERLINK(""https://www.google.com/calendar/event?eid=OWIzbG1pdXFzbnFqN3IxdGI2MWM3czBuYTggZDIzMzdiNjdiYWY1NjI1NDQ0ZWVhODM3M2VlYjNkNzg5ZDQzNGMyOWVkMWVhZmIyYzI0ODFhOTEzYzBlNjRkOUBncm91cC5jYWxlbmRhci5nb29nbGUuY29t"", IMAGE(""https://chart.googleapis.com/chart?chs=150x150&cht=qr&chl=https://www.google.com/calendar/event?eid=OWIzbG1pdXFzbnFqN3IxdGI2MWM3czBuYTggZDIzMzdiNjdiYWY1NjI1NDQ0ZWVhODM3M2VlYjNkNzg5ZDQzNGMyOWVkMWVhZmIyYzI0ODFhOTEzYzBlNjRkOUBncm91cC5jYWxlbmRhci5nb29nbGUuY29t"",1))",https://www.google.com/calendar/event?eid=OWIzbG1pdXFzbnFqN3IxdGI2MWM3czBuYTggZDIzMzdiNjdiYWY1NjI1NDQ0ZWVhODM3M2VlYjNkNzg5ZDQzNGMyOWVkMWVhZmIyYzI0ODFhOTEzYzBlNjRkOUBncm91cC5jYWxlbmRhci5nb29nbGUuY29t,"=HYPERLINK(""https://www.google.com/calendar/event?eid=OWIzbG1pdXFzbnFqN3IxdGI2MWM3czBuYTggZDIzMzdiNjdiYWY1NjI1NDQ0ZWVhODM3M2VlYjNkNzg5ZDQzNGMyOWVkMWVhZmIyYzI0ODFhOTEzYzBlNjRkOUBncm91cC5jYWxlbmRhci5nb29nbGUuY29t"",""Wedding Reception Photo Booth Rentals"")",,
Calendar - All Day Event,Calendar - Wedding Reception Photo Booth Rentals - Event,"=HYPERLINK(""https://www.google.com/calendar/event?eid=ZW51cDllYzJpZmdyODliZjhnNmJubzY4YTQgZDIzMzdiNjdiYWY1NjI1NDQ0ZWVhODM3M2VlYjNkNzg5ZDQzNGMyOWVkMWVhZmIyYzI0ODFhOTEzYzBlNjRkOUBncm91cC5jYWxlbmRhci5nb29nbGUuY29t"", IMAGE(""https://chart.googleapis.com/chart?chs=150x150&cht=qr&chl=https://www.google.com/calendar/event?eid=ZW51cDllYzJpZmdyODliZjhnNmJubzY4YTQgZDIzMzdiNjdiYWY1NjI1NDQ0ZWVhODM3M2VlYjNkNzg5ZDQzNGMyOWVkMWVhZmIyYzI0ODFhOTEzYzBlNjRkOUBncm91cC5jYWxlbmRhci5nb29nbGUuY29t"",1))",https://www.google.com/calendar/event?eid=ZW51cDllYzJpZmdyODliZjhnNmJubzY4YTQgZDIzMzdiNjdiYWY1NjI1NDQ0ZWVhODM3M2VlYjNkNzg5ZDQzNGMyOWVkMWVhZmIyYzI0ODFhOTEzYzBlNjRkOUBncm91cC5jYWxlbmRhci5nb29nbGUuY29t,"=HYPERLINK(""https://www.google.com/calendar/event?eid=ZW51cDllYzJpZmdyODliZjhnNmJubzY4YTQgZDIzMzdiNjdiYWY1NjI1NDQ0ZWVhODM3M2VlYjNkNzg5ZDQzNGMyOWVkMWVhZmIyYzI0ODFhOTEzYzBlNjRkOUBncm91cC5jYWxlbmRhci5nb29nbGUuY29t"",""Wedding Reception Photo Booth Rentals"")",,
Calendar - All Day Event,Calendar - Wedding Reception Photo Booth Rentals - Event,"=HYPERLINK(""https://www.google.com/calendar/event?eid=dXFmNnRnMm1icTE0dnVpbTI3MmMwYjFhbjggZDIzMzdiNjdiYWY1NjI1NDQ0ZWVhODM3M2VlYjNkNzg5ZDQzNGMyOWVkMWVhZmIyYzI0ODFhOTEzYzBlNjRkOUBncm91cC5jYWxlbmRhci5nb29nbGUuY29t"", IMAGE(""https://chart.googleapis.com/chart?chs=150x150&cht=qr&chl=https://www.google.com/calendar/event?eid=dXFmNnRnMm1icTE0dnVpbTI3MmMwYjFhbjggZDIzMzdiNjdiYWY1NjI1NDQ0ZWVhODM3M2VlYjNkNzg5ZDQzNGMyOWVkMWVhZmIyYzI0ODFhOTEzYzBlNjRkOUBncm91cC5jYWxlbmRhci5nb29nbGUuY29t"",1))",https://www.google.com/calendar/event?eid=dXFmNnRnMm1icTE0dnVpbTI3MmMwYjFhbjggZDIzMzdiNjdiYWY1NjI1NDQ0ZWVhODM3M2VlYjNkNzg5ZDQzNGMyOWVkMWVhZmIyYzI0ODFhOTEzYzBlNjRkOUBncm91cC5jYWxlbmRhci5nb29nbGUuY29t,"=HYPERLINK(""https://www.google.com/calendar/event?eid=dXFmNnRnMm1icTE0dnVpbTI3MmMwYjFhbjggZDIzMzdiNjdiYWY1NjI1NDQ0ZWVhODM3M2VlYjNkNzg5ZDQzNGMyOWVkMWVhZmIyYzI0ODFhOTEzYzBlNjRkOUBncm91cC5jYWxlbmRhci5nb29nbGUuY29t"",""Wedding Reception Photo Booth Rentals"")",,
Calendar - All Day Event,Calendar - Wedding Reception Photo Booth Rentals - Event,"=HYPERLINK(""https://www.google.com/calendar/event?eid=MTQyNWR1Zmc5MzU0bTdyazIxdWEzbGxsOWsgZDIzMzdiNjdiYWY1NjI1NDQ0ZWVhODM3M2VlYjNkNzg5ZDQzNGMyOWVkMWVhZmIyYzI0ODFhOTEzYzBlNjRkOUBncm91cC5jYWxlbmRhci5nb29nbGUuY29t"", IMAGE(""https://chart.googleapis.com/chart?chs=150x150&cht=qr&chl=https://www.google.com/calendar/event?eid=MTQyNWR1Zmc5MzU0bTdyazIxdWEzbGxsOWsgZDIzMzdiNjdiYWY1NjI1NDQ0ZWVhODM3M2VlYjNkNzg5ZDQzNGMyOWVkMWVhZmIyYzI0ODFhOTEzYzBlNjRkOUBncm91cC5jYWxlbmRhci5nb29nbGUuY29t"",1))",https://www.google.com/calendar/event?eid=MTQyNWR1Zmc5MzU0bTdyazIxdWEzbGxsOWsgZDIzMzdiNjdiYWY1NjI1NDQ0ZWVhODM3M2VlYjNkNzg5ZDQzNGMyOWVkMWVhZmIyYzI0ODFhOTEzYzBlNjRkOUBncm91cC5jYWxlbmRhci5nb29nbGUuY29t,"=HYPERLINK(""https://www.google.com/calendar/event?eid=MTQyNWR1Zmc5MzU0bTdyazIxdWEzbGxsOWsgZDIzMzdiNjdiYWY1NjI1NDQ0ZWVhODM3M2VlYjNkNzg5ZDQzNGMyOWVkMWVhZmIyYzI0ODFhOTEzYzBlNjRkOUBncm91cC5jYWxlbmRhci5nb29nbGUuY29t"",""Wedding Reception Photo Booth Rentals"")",,
Calendar - All Day Event,Calendar - Wedding Reception Photo Booth Rentals - Event,"=HYPERLINK(""https://www.google.com/calendar/event?eid=bXJqMTBzcmZkaWRkanQ0YTltcWE0aTRvNXMgZDIzMzdiNjdiYWY1NjI1NDQ0ZWVhODM3M2VlYjNkNzg5ZDQzNGMyOWVkMWVhZmIyYzI0ODFhOTEzYzBlNjRkOUBncm91cC5jYWxlbmRhci5nb29nbGUuY29t"", IMAGE(""https://chart.googleapis.com/chart?chs=150x150&cht=qr&chl=https://www.google.com/calendar/event?eid=bXJqMTBzcmZkaWRkanQ0YTltcWE0aTRvNXMgZDIzMzdiNjdiYWY1NjI1NDQ0ZWVhODM3M2VlYjNkNzg5ZDQzNGMyOWVkMWVhZmIyYzI0ODFhOTEzYzBlNjRkOUBncm91cC5jYWxlbmRhci5nb29nbGUuY29t"",1))",https://www.google.com/calendar/event?eid=bXJqMTBzcmZkaWRkanQ0YTltcWE0aTRvNXMgZDIzMzdiNjdiYWY1NjI1NDQ0ZWVhODM3M2VlYjNkNzg5ZDQzNGMyOWVkMWVhZmIyYzI0ODFhOTEzYzBlNjRkOUBncm91cC5jYWxlbmRhci5nb29nbGUuY29t,"=HYPERLINK(""https://www.google.com/calendar/event?eid=bXJqMTBzcmZkaWRkanQ0YTltcWE0aTRvNXMgZDIzMzdiNjdiYWY1NjI1NDQ0ZWVhODM3M2VlYjNkNzg5ZDQzNGMyOWVkMWVhZmIyYzI0ODFhOTEzYzBlNjRkOUBncm91cC5jYWxlbmRhci5nb29nbGUuY29t"",""Wedding Reception Photo Booth Rentals"")",,
Calendar - All Day Event,Calendar - Wedding Reception Photo Booth Rentals - Event,"=HYPERLINK(""https://www.google.com/calendar/event?eid=NTJtczVnbDE0YWlkNTBsNGs0aHI4ODV2Z3MgZDIzMzdiNjdiYWY1NjI1NDQ0ZWVhODM3M2VlYjNkNzg5ZDQzNGMyOWVkMWVhZmIyYzI0ODFhOTEzYzBlNjRkOUBncm91cC5jYWxlbmRhci5nb29nbGUuY29t"", IMAGE(""https://chart.googleapis.com/chart?chs=150x150&cht=qr&chl=https://www.google.com/calendar/event?eid=NTJtczVnbDE0YWlkNTBsNGs0aHI4ODV2Z3MgZDIzMzdiNjdiYWY1NjI1NDQ0ZWVhODM3M2VlYjNkNzg5ZDQzNGMyOWVkMWVhZmIyYzI0ODFhOTEzYzBlNjRkOUBncm91cC5jYWxlbmRhci5nb29nbGUuY29t"",1))",https://www.google.com/calendar/event?eid=NTJtczVnbDE0YWlkNTBsNGs0aHI4ODV2Z3MgZDIzMzdiNjdiYWY1NjI1NDQ0ZWVhODM3M2VlYjNkNzg5ZDQzNGMyOWVkMWVhZmIyYzI0ODFhOTEzYzBlNjRkOUBncm91cC5jYWxlbmRhci5nb29nbGUuY29t,"=HYPERLINK(""https://www.google.com/calendar/event?eid=NTJtczVnbDE0YWlkNTBsNGs0aHI4ODV2Z3MgZDIzMzdiNjdiYWY1NjI1NDQ0ZWVhODM3M2VlYjNkNzg5ZDQzNGMyOWVkMWVhZmIyYzI0ODFhOTEzYzBlNjRkOUBncm91cC5jYWxlbmRhci5nb29nbGUuY29t"",""Wedding Reception Photo Booth Rentals"")",,
Calendar - All Day Event,Calendar - Wedding Reception Photo Booth Rentals - Event,"=HYPERLINK(""https://www.google.com/calendar/event?eid=NGF1OWh0bjFscXBtcnNkdDRoMWluZjQ1ZzAgZDIzMzdiNjdiYWY1NjI1NDQ0ZWVhODM3M2VlYjNkNzg5ZDQzNGMyOWVkMWVhZmIyYzI0ODFhOTEzYzBlNjRkOUBncm91cC5jYWxlbmRhci5nb29nbGUuY29t"", IMAGE(""https://chart.googleapis.com/chart?chs=150x150&cht=qr&chl=https://www.google.com/calendar/event?eid=NGF1OWh0bjFscXBtcnNkdDRoMWluZjQ1ZzAgZDIzMzdiNjdiYWY1NjI1NDQ0ZWVhODM3M2VlYjNkNzg5ZDQzNGMyOWVkMWVhZmIyYzI0ODFhOTEzYzBlNjRkOUBncm91cC5jYWxlbmRhci5nb29nbGUuY29t"",1))",https://www.google.com/calendar/event?eid=NGF1OWh0bjFscXBtcnNkdDRoMWluZjQ1ZzAgZDIzMzdiNjdiYWY1NjI1NDQ0ZWVhODM3M2VlYjNkNzg5ZDQzNGMyOWVkMWVhZmIyYzI0ODFhOTEzYzBlNjRkOUBncm91cC5jYWxlbmRhci5nb29nbGUuY29t,"=HYPERLINK(""https://www.google.com/calendar/event?eid=NGF1OWh0bjFscXBtcnNkdDRoMWluZjQ1ZzAgZDIzMzdiNjdiYWY1NjI1NDQ0ZWVhODM3M2VlYjNkNzg5ZDQzNGMyOWVkMWVhZmIyYzI0ODFhOTEzYzBlNjRkOUBncm91cC5jYWxlbmRhci5nb29nbGUuY29t"",""Wedding Reception Photo Booth Rentals"")",,
video,Wedding Reception Photo Booth Rentals,"=HYPERLINK(""https://youtu.be/xcQXxcHLLWI"", IMAGE(""https://chart.googleapis.com/chart?chs=150x150&cht=qr&chl=https://youtu.be/xcQXxcHLLWI"",1))",https://youtu.be/xcQXxcHLLWI,"=HYPERLINK(""https://youtu.be/xcQXxcHLLWI"",""Wedding Reception Photo Booth Rentals"")",,
video,Wedding Reception Photo Booth Rentals,"=HYPERLINK(""https://youtu.be/-wfRHfpyDRU"", IMAGE(""https://chart.googleapis.com/chart?chs=150x150&cht=qr&chl=https://youtu.be/-wfRHfpyDRU"",1))",https://youtu.be/-wfRHfpyDRU,"=HYPERLINK(""https://youtu.be/-wfRHfpyDRU"",""Wedding Reception Photo Booth Rentals"")",,
video,Wedding Reception Photo Booth Rentals,"=HYPERLINK(""https://youtu.be/wm3S3txTd24"", IMAGE(""https://chart.googleapis.com/chart?chs=150x150&cht=qr&chl=https://youtu.be/wm3S3txTd24"",1))",https://youtu.be/wm3S3txTd24,"=HYPERLINK(""https://youtu.be/wm3S3txTd24"",""Wedding Reception Photo Booth Rentals"")",,
sheet,Sheet1,"=HYPERLINK(""https://docs.google.com/spreadsheets/d/1v3ulsnOr31hi5ZkLWFOq4sMqbcET6ZI3oGM5QXqdsSo/edit#gid=0"", IMAGE(""https://chart.googleapis.com/chart?chs=150x150&cht=qr&chl=https://docs.google.com/spreadsheets/d/1v3ulsnOr31hi5ZkLWFOq4sMqbcET6ZI3oGM5QXqdsSo/edit#gid=0"",1))",https://docs.google.com/spreadsheets/d/1v3ulsnOr31hi5ZkLWFOq4sMqbcET6ZI3oGM5QXqdsSo/edit#gid=0,"=HYPERLINK(""https://docs.google.com/spreadsheets/d/1v3ulsnOr31hi5ZkLWFOq4sMqbcET6ZI3oGM5QXqdsSo/edit#gid=0"",""Wedding Reception Photo Booth Rentals Sheet1"")",,
sheet,Keywords,"=HYPERLINK(""https://docs.google.com/spreadsheets/d/1v3ulsnOr31hi5ZkLWFOq4sMqbcET6ZI3oGM5QXqdsSo/edit#gid=1459425997"", IMAGE(""https://chart.googleapis.com/chart?chs=150x150&cht=qr&chl=https://docs.google.com/spreadsheets/d/1v3ulsnOr31hi5ZkLWFOq4sMqbcET6ZI3oGM5QXqdsSo/edit#gid=1459425997"",1))",https://docs.google.com/spreadsheets/d/1v3ulsnOr31hi5ZkLWFOq4sMqbcET6ZI3oGM5QXqdsSo/edit#gid=1459425997,"=HYPERLINK(""https://docs.google.com/spreadsheets/d/1v3ulsnOr31hi5ZkLWFOq4sMqbcET6ZI3oGM5QXqdsSo/edit#gid=1459425997"",""Wedding Reception Photo Booth Rentals Keywords"")",,
sheet,Content,"=HYPERLINK(""https://docs.google.com/spreadsheets/d/1v3ulsnOr31hi5ZkLWFOq4sMqbcET6ZI3oGM5QXqdsSo/edit#gid=289806141"", IMAGE(""https://chart.googleapis.com/chart?chs=150x150&cht=qr&chl=https://docs.google.com/spreadsheets/d/1v3ulsnOr31hi5ZkLWFOq4sMqbcET6ZI3oGM5QXqdsSo/edit#gid=289806141"",1))",https://docs.google.com/spreadsheets/d/1v3ulsnOr31hi5ZkLWFOq4sMqbcET6ZI3oGM5QXqdsSo/edit#gid=289806141,"=HYPERLINK(""https://docs.google.com/spreadsheets/d/1v3ulsnOr31hi5ZkLWFOq4sMqbcET6ZI3oGM5QXqdsSo/edit#gid=289806141"",""Wedding Reception Photo Booth Rentals Content"")",,
sheet,Calendar Events,"=HYPERLINK(""https://docs.google.com/spreadsheets/d/1v3ulsnOr31hi5ZkLWFOq4sMqbcET6ZI3oGM5QXqdsSo/edit#gid=1214057864"", IMAGE(""https://chart.googleapis.com/chart?chs=150x150&cht=qr&chl=https://docs.google.com/spreadsheets/d/1v3ulsnOr31hi5ZkLWFOq4sMqbcET6ZI3oGM5QXqdsSo/edit#gid=1214057864"",1))",https://docs.google.com/spreadsheets/d/1v3ulsnOr31hi5ZkLWFOq4sMqbcET6ZI3oGM5QXqdsSo/edit#gid=1214057864,"=HYPERLINK(""https://docs.google.com/spreadsheets/d/1v3ulsnOr31hi5ZkLWFOq4sMqbcET6ZI3oGM5QXqdsSo/edit#gid=1214057864"",""Wedding Reception Photo Booth Rentals Calendar Events"")",,
sheet,RSS Feeds,"=HYPERLINK(""https://docs.google.com/spreadsheets/d/1v3ulsnOr31hi5ZkLWFOq4sMqbcET6ZI3oGM5QXqdsSo/edit#gid=650981868"", IMAGE(""https://chart.googleapis.com/chart?chs=150x150&cht=qr&chl=https://docs.google.com/spreadsheets/d/1v3ulsnOr31hi5ZkLWFOq4sMqbcET6ZI3oGM5QXqdsSo/edit#gid=650981868"",1))",https://docs.google.com/spreadsheets/d/1v3ulsnOr31hi5ZkLWFOq4sMqbcET6ZI3oGM5QXqdsSo/edit#gid=650981868,"=HYPERLINK(""https://docs.google.com/spreadsheets/d/1v3ulsnOr31hi5ZkLWFOq4sMqbcET6ZI3oGM5QXqdsSo/edit#gid=650981868"",""Wedding Reception Photo Booth Rentals RSS Feeds"")",,
