target url,wedding photo booth rentals long beach,"=HYPERLINK(""https://sites.google.com/view/viralvideoboothoc/home"", IMAGE(""https://chart.googleapis.com/chart?chs=150x150&cht=qr&chl=https://sites.google.com/view/viralvideoboothoc/home"",1))",https://sites.google.com/view/viralvideoboothoc/home,"=HYPERLINK(""https://sites.google.com/view/viralvideoboothoc/home"",""wedding photo booth rentals long beach"")",,
folder top,wedding photo booth rentals long beach,"=HYPERLINK(""https://drive.google.com/drive/folders/1VIoX9G4GbMYdKF--4BW785C0rhf-trN7?usp=sharing"", IMAGE(""https://chart.googleapis.com/chart?chs=150x150&cht=qr&chl=https://drive.google.com/drive/folders/1VIoX9G4GbMYdKF--4BW785C0rhf-trN7?usp=sharing"",1))",https://drive.google.com/drive/folders/1VIoX9G4GbMYdKF--4BW785C0rhf-trN7?usp=sharing,"=HYPERLINK(""https://drive.google.com/drive/folders/1VIoX9G4GbMYdKF--4BW785C0rhf-trN7?usp=sharing"",""wedding photo booth rentals long beach"")",,
rss feed,wedding photo booth rentals long beach,"=HYPERLINK(""https://news.google.com/rss/search?q=photobooth&hl=en-US&gl=US&ceid=US:en"", IMAGE(""https://chart.googleapis.com/chart?chs=150x150&cht=qr&chl=https://news.google.com/rss/search?q=photobooth&hl=en-US&gl=US&ceid=US:en"",1))",https://news.google.com/rss/search?q=photobooth&hl=en-US&gl=US&ceid=US:en,"=HYPERLINK(""https://news.google.com/rss/search?q=photobooth&hl=en-US&gl=US&ceid=US:en"",""wedding photo booth rentals long beach"")",,
folder articles,wedding photo booth rentals long beach Articles,"=HYPERLINK(""https://drive.google.com/drive/folders/1wQeDFTNXpZUjqlA2OH4p9ctx2CN6K8i1?usp=sharing"", IMAGE(""https://chart.googleapis.com/chart?chs=150x150&cht=qr&chl=https://drive.google.com/drive/folders/1wQeDFTNXpZUjqlA2OH4p9ctx2CN6K8i1?usp=sharing"",1))",https://drive.google.com/drive/folders/1wQeDFTNXpZUjqlA2OH4p9ctx2CN6K8i1?usp=sharing,"=HYPERLINK(""https://drive.google.com/drive/folders/1wQeDFTNXpZUjqlA2OH4p9ctx2CN6K8i1?usp=sharing"",""wedding photo booth rentals long beach Articles"")",,
folder photos,wedding photo booth rentals long beach Photos,"=HYPERLINK(""https://drive.google.com/drive/folders/1IyaLhO_YwAybEwEwEnv0hl6IAU6rKbbP?usp=sharing"", IMAGE(""https://chart.googleapis.com/chart?chs=150x150&cht=qr&chl=https://drive.google.com/drive/folders/1IyaLhO_YwAybEwEwEnv0hl6IAU6rKbbP?usp=sharing"",1))",https://drive.google.com/drive/folders/1IyaLhO_YwAybEwEwEnv0hl6IAU6rKbbP?usp=sharing,"=HYPERLINK(""https://drive.google.com/drive/folders/1IyaLhO_YwAybEwEwEnv0hl6IAU6rKbbP?usp=sharing"",""wedding photo booth rentals long beach Photos"")",,
folder pdfs,wedding photo booth rentals long beach PDFs,"=HYPERLINK(""https://drive.google.com/drive/folders/1hz4wg9ZJkhC1kSvwdI4Iw1dBGov6G8Ci?usp=sharing"", IMAGE(""https://chart.googleapis.com/chart?chs=150x150&cht=qr&chl=https://drive.google.com/drive/folders/1hz4wg9ZJkhC1kSvwdI4Iw1dBGov6G8Ci?usp=sharing"",1))",https://drive.google.com/drive/folders/1hz4wg9ZJkhC1kSvwdI4Iw1dBGov6G8Ci?usp=sharing,"=HYPERLINK(""https://drive.google.com/drive/folders/1hz4wg9ZJkhC1kSvwdI4Iw1dBGov6G8Ci?usp=sharing"",""wedding photo booth rentals long beach PDFs"")",,
folder slides,wedding photo booth rentals long beach Slides,"=HYPERLINK(""https://drive.google.com/drive/folders/1qrSnAL5dFMggy-f4UZB6THr85Q59L_xX?usp=sharing"", IMAGE(""https://chart.googleapis.com/chart?chs=150x150&cht=qr&chl=https://drive.google.com/drive/folders/1qrSnAL5dFMggy-f4UZB6THr85Q59L_xX?usp=sharing"",1))",https://drive.google.com/drive/folders/1qrSnAL5dFMggy-f4UZB6THr85Q59L_xX?usp=sharing,"=HYPERLINK(""https://drive.google.com/drive/folders/1qrSnAL5dFMggy-f4UZB6THr85Q59L_xX?usp=sharing"",""wedding photo booth rentals long beach Slides"")",,
photo,wedding photo booth rentals long beach,"=HYPERLINK(""https://drive.google.com/file/d/1VAFpFlqu-gzW2Sqj5t0RRYvs7dJ-tux7/view?usp=sharing"", IMAGE(""https://chart.googleapis.com/chart?chs=150x150&cht=qr&chl=https://drive.google.com/file/d/1VAFpFlqu-gzW2Sqj5t0RRYvs7dJ-tux7/view?usp=sharing"",1))",https://drive.google.com/file/d/1VAFpFlqu-gzW2Sqj5t0RRYvs7dJ-tux7/view?usp=sharing,"=HYPERLINK(""https://drive.google.com/file/d/1VAFpFlqu-gzW2Sqj5t0RRYvs7dJ-tux7/view?usp=sharing"",""wedding photo booth rentals long beach"")",,
photo,wedding photo booth rentals long beach,"=HYPERLINK(""https://drive.google.com/file/d/1Ymv_OB54OYS4INaEMRdtvMUwOgBXm9_E/view?usp=sharing"", IMAGE(""https://chart.googleapis.com/chart?chs=150x150&cht=qr&chl=https://drive.google.com/file/d/1Ymv_OB54OYS4INaEMRdtvMUwOgBXm9_E/view?usp=sharing"",1))",https://drive.google.com/file/d/1Ymv_OB54OYS4INaEMRdtvMUwOgBXm9_E/view?usp=sharing,"=HYPERLINK(""https://drive.google.com/file/d/1Ymv_OB54OYS4INaEMRdtvMUwOgBXm9_E/view?usp=sharing"",""wedding photo booth rentals long beach"")",,
spreadsheet,wedding photo booth rentals long beach,"=HYPERLINK(""https://docs.google.com/spreadsheets/d/1OCPAVyKWr0PhYOLVjw-upW9qPD83W5HovbQ8q-awMcY/edit?usp=sharing"", IMAGE(""https://chart.googleapis.com/chart?chs=150x150&cht=qr&chl=https://docs.google.com/spreadsheets/d/1OCPAVyKWr0PhYOLVjw-upW9qPD83W5HovbQ8q-awMcY/edit?usp=sharing"",1))",https://docs.google.com/spreadsheets/d/1OCPAVyKWr0PhYOLVjw-upW9qPD83W5HovbQ8q-awMcY/edit?usp=sharing,"=HYPERLINK(""https://docs.google.com/spreadsheets/d/1OCPAVyKWr0PhYOLVjw-upW9qPD83W5HovbQ8q-awMcY/edit?usp=sharing"",""wedding photo booth rentals long beach"")",,
spreadsheet key,wedding photo booth rentals long beach key,"=HYPERLINK(""https://docs.google.com/spreadsheet/pub?key=1OCPAVyKWr0PhYOLVjw-upW9qPD83W5HovbQ8q-awMcY"", IMAGE(""https://chart.googleapis.com/chart?chs=150x150&cht=qr&chl=https://docs.google.com/spreadsheet/pub?key=1OCPAVyKWr0PhYOLVjw-upW9qPD83W5HovbQ8q-awMcY"",1))",https://docs.google.com/spreadsheet/pub?key=1OCPAVyKWr0PhYOLVjw-upW9qPD83W5HovbQ8q-awMcY,"=HYPERLINK(""https://docs.google.com/spreadsheets/d/1OCPAVyKWr0PhYOLVjw-upW9qPD83W5HovbQ8q-awMcY/edit?usp=sharing"",""wedding photo booth rentals long beach"")",,
spreadsheet pubhtml,wedding photo booth rentals long beach pubhtml,"=HYPERLINK(""https://docs.google.com/spreadsheets/d/1OCPAVyKWr0PhYOLVjw-upW9qPD83W5HovbQ8q-awMcY/pubhtml"", IMAGE(""https://chart.googleapis.com/chart?chs=150x150&cht=qr&chl=https://docs.google.com/spreadsheets/d/1OCPAVyKWr0PhYOLVjw-upW9qPD83W5HovbQ8q-awMcY/pubhtml"",1))",https://docs.google.com/spreadsheets/d/1OCPAVyKWr0PhYOLVjw-upW9qPD83W5HovbQ8q-awMcY/pubhtml,"=HYPERLINK(""https://docs.google.com/spreadsheets/d/1OCPAVyKWr0PhYOLVjw-upW9qPD83W5HovbQ8q-awMcY/edit?usp=sharing"",""wedding photo booth rentals long beach"")",,
spreadsheet pub,wedding photo booth rentals long beach pub,"=HYPERLINK(""https://docs.google.com/spreadsheets/d/1OCPAVyKWr0PhYOLVjw-upW9qPD83W5HovbQ8q-awMcY/pub"", IMAGE(""https://chart.googleapis.com/chart?chs=150x150&cht=qr&chl=https://docs.google.com/spreadsheets/d/1OCPAVyKWr0PhYOLVjw-upW9qPD83W5HovbQ8q-awMcY/pub"",1))",https://docs.google.com/spreadsheets/d/1OCPAVyKWr0PhYOLVjw-upW9qPD83W5HovbQ8q-awMcY/pub,"=HYPERLINK(""https://docs.google.com/spreadsheets/d/1OCPAVyKWr0PhYOLVjw-upW9qPD83W5HovbQ8q-awMcY/edit?usp=sharing"",""wedding photo booth rentals long beach"")",,
spreadsheet view,wedding photo booth rentals long beach view,"=HYPERLINK(""https://docs.google.com/spreadsheets/d/1OCPAVyKWr0PhYOLVjw-upW9qPD83W5HovbQ8q-awMcY/view"", IMAGE(""https://chart.googleapis.com/chart?chs=150x150&cht=qr&chl=https://docs.google.com/spreadsheets/d/1OCPAVyKWr0PhYOLVjw-upW9qPD83W5HovbQ8q-awMcY/view"",1))",https://docs.google.com/spreadsheets/d/1OCPAVyKWr0PhYOLVjw-upW9qPD83W5HovbQ8q-awMcY/view,"=HYPERLINK(""https://docs.google.com/spreadsheets/d/1OCPAVyKWr0PhYOLVjw-upW9qPD83W5HovbQ8q-awMcY/edit?usp=sharing"",""wedding photo booth rentals long beach"")",,
form,wedding photo booth rentals long beach,"=HYPERLINK(""https://docs.google.com/forms/d/1hLCmh8c-3AmtLrvWxNUxGMwvQ75gQFWsVSn55GjFMRo/edit?usp=sharing"", IMAGE(""https://chart.googleapis.com/chart?chs=150x150&cht=qr&chl=https://docs.google.com/forms/d/1hLCmh8c-3AmtLrvWxNUxGMwvQ75gQFWsVSn55GjFMRo/edit?usp=sharing"",1))",https://docs.google.com/forms/d/1hLCmh8c-3AmtLrvWxNUxGMwvQ75gQFWsVSn55GjFMRo/edit?usp=sharing,"=HYPERLINK(""https://docs.google.com/forms/d/1hLCmh8c-3AmtLrvWxNUxGMwvQ75gQFWsVSn55GjFMRo/edit?usp=sharing"",""wedding photo booth rentals long beach"")",,
drawing,wedding photo booth rentals long beach,"=HYPERLINK(""https://docs.google.com/drawings/d/1uPnSI93o6h-czTAHzJNfKRURTsMXj-k3LqGVqIag4-g/edit?usp=sharing"", IMAGE(""https://chart.googleapis.com/chart?chs=150x150&cht=qr&chl=https://docs.google.com/drawings/d/1uPnSI93o6h-czTAHzJNfKRURTsMXj-k3LqGVqIag4-g/edit?usp=sharing"",1))",https://docs.google.com/drawings/d/1uPnSI93o6h-czTAHzJNfKRURTsMXj-k3LqGVqIag4-g/edit?usp=sharing,"=HYPERLINK(""https://docs.google.com/drawings/d/1uPnSI93o6h-czTAHzJNfKRURTsMXj-k3LqGVqIag4-g/edit?usp=sharing"",""wedding photo booth rentals long beach"")",,
image,CTA or Logo,"=HYPERLINK(""https://drive.google.com/file/d/1QpTiTGFtM9xqrHFr3NrlOHazlavUN-IZ/view?usp=drivesdk"", IMAGE(""https://chart.googleapis.com/chart?chs=150x150&cht=qr&chl=https://drive.google.com/file/d/1QpTiTGFtM9xqrHFr3NrlOHazlavUN-IZ/view?usp=drivesdk"",1))",https://drive.google.com/file/d/1QpTiTGFtM9xqrHFr3NrlOHazlavUN-IZ/view?usp=drivesdk,,,
image link,CTA or Logo - image link,"=HYPERLINK(""https://sites.google.com/view/videoboothinorangecounty/home"", IMAGE(""https://chart.googleapis.com/chart?chs=150x150&cht=qr&chl=https://sites.google.com/view/videoboothinorangecounty/home"",1))",https://sites.google.com/view/videoboothinorangecounty/home,,,
document,wedding photo booth rentals long beach,"=HYPERLINK(""https://docs.google.com/document/d/1iG20Fn-FQ0D3blJbnLDFeJPHf_Kf_3bt2zDukMhwQ8s/edit?usp=sharing"", IMAGE(""https://chart.googleapis.com/chart?chs=150x150&cht=qr&chl=https://docs.google.com/document/d/1iG20Fn-FQ0D3blJbnLDFeJPHf_Kf_3bt2zDukMhwQ8s/edit?usp=sharing"",1))",https://docs.google.com/document/d/1iG20Fn-FQ0D3blJbnLDFeJPHf_Kf_3bt2zDukMhwQ8s/edit?usp=sharing,"=HYPERLINK(""https://docs.google.com/document/d/1iG20Fn-FQ0D3blJbnLDFeJPHf_Kf_3bt2zDukMhwQ8s/edit?usp=sharing"",""wedding photo booth rentals long beach"")",,
document pub,wedding photo booth rentals long beach pub,"=HYPERLINK(""https://docs.google.com/document/d/1iG20Fn-FQ0D3blJbnLDFeJPHf_Kf_3bt2zDukMhwQ8s/pub"", IMAGE(""https://chart.googleapis.com/chart?chs=150x150&cht=qr&chl=https://docs.google.com/document/d/1iG20Fn-FQ0D3blJbnLDFeJPHf_Kf_3bt2zDukMhwQ8s/pub"",1))",https://docs.google.com/document/d/1iG20Fn-FQ0D3blJbnLDFeJPHf_Kf_3bt2zDukMhwQ8s/pub,"=HYPERLINK(""https://docs.google.com/document/d/1iG20Fn-FQ0D3blJbnLDFeJPHf_Kf_3bt2zDukMhwQ8s/edit?usp=sharing"",""wedding photo booth rentals long beach"")",,
document view,wedding photo booth rentals long beach view,"=HYPERLINK(""https://docs.google.com/document/d/1iG20Fn-FQ0D3blJbnLDFeJPHf_Kf_3bt2zDukMhwQ8s/view"", IMAGE(""https://chart.googleapis.com/chart?chs=150x150&cht=qr&chl=https://docs.google.com/document/d/1iG20Fn-FQ0D3blJbnLDFeJPHf_Kf_3bt2zDukMhwQ8s/view"",1))",https://docs.google.com/document/d/1iG20Fn-FQ0D3blJbnLDFeJPHf_Kf_3bt2zDukMhwQ8s/view,"=HYPERLINK(""https://docs.google.com/document/d/1iG20Fn-FQ0D3blJbnLDFeJPHf_Kf_3bt2zDukMhwQ8s/edit?usp=sharing"",""wedding photo booth rentals long beach"")",,
presentation,wedding photo booth rentals long beach,"=HYPERLINK(""https://docs.google.com/presentation/d/17978JPVtPAiBA5JqAjxO0WrGVW3D98Aj2VImu61eOiE/edit?usp=sharing"", IMAGE(""https://chart.googleapis.com/chart?chs=150x150&cht=qr&chl=https://docs.google.com/presentation/d/17978JPVtPAiBA5JqAjxO0WrGVW3D98Aj2VImu61eOiE/edit?usp=sharing"",1))",https://docs.google.com/presentation/d/17978JPVtPAiBA5JqAjxO0WrGVW3D98Aj2VImu61eOiE/edit?usp=sharing,"=HYPERLINK(""https://docs.google.com/presentation/d/17978JPVtPAiBA5JqAjxO0WrGVW3D98Aj2VImu61eOiE/edit?usp=sharing"",""wedding photo booth rentals long beach"")",,
presentation pub,wedding photo booth rentals long beach pub,"=HYPERLINK(""https://docs.google.com/presentation/d/17978JPVtPAiBA5JqAjxO0WrGVW3D98Aj2VImu61eOiE/pub?start=true&loop=true&delayms=3000"", IMAGE(""https://chart.googleapis.com/chart?chs=150x150&cht=qr&chl=https://docs.google.com/presentation/d/17978JPVtPAiBA5JqAjxO0WrGVW3D98Aj2VImu61eOiE/pub?start=true&loop=true&delayms=3000"",1))",https://docs.google.com/presentation/d/17978JPVtPAiBA5JqAjxO0WrGVW3D98Aj2VImu61eOiE/pub?start=true&loop=true&delayms=3000,"=HYPERLINK(""https://docs.google.com/presentation/d/17978JPVtPAiBA5JqAjxO0WrGVW3D98Aj2VImu61eOiE/edit?usp=sharing"",""wedding photo booth rentals long beach"")",,
presentation view,wedding photo booth rentals long beach view,"=HYPERLINK(""https://docs.google.com/presentation/d/17978JPVtPAiBA5JqAjxO0WrGVW3D98Aj2VImu61eOiE/view"", IMAGE(""https://chart.googleapis.com/chart?chs=150x150&cht=qr&chl=https://docs.google.com/presentation/d/17978JPVtPAiBA5JqAjxO0WrGVW3D98Aj2VImu61eOiE/view"",1))",https://docs.google.com/presentation/d/17978JPVtPAiBA5JqAjxO0WrGVW3D98Aj2VImu61eOiE/view,"=HYPERLINK(""https://docs.google.com/presentation/d/17978JPVtPAiBA5JqAjxO0WrGVW3D98Aj2VImu61eOiE/edit?usp=sharing"",""wedding photo booth rentals long beach"")",,
presentation html,wedding photo booth rentals long beach html,"=HYPERLINK(""https://docs.google.com/presentation/d/17978JPVtPAiBA5JqAjxO0WrGVW3D98Aj2VImu61eOiE/htmlpresent"", IMAGE(""https://chart.googleapis.com/chart?chs=150x150&cht=qr&chl=https://docs.google.com/presentation/d/17978JPVtPAiBA5JqAjxO0WrGVW3D98Aj2VImu61eOiE/htmlpresent"",1))",https://docs.google.com/presentation/d/17978JPVtPAiBA5JqAjxO0WrGVW3D98Aj2VImu61eOiE/htmlpresent,"=HYPERLINK(""https://docs.google.com/presentation/d/17978JPVtPAiBA5JqAjxO0WrGVW3D98Aj2VImu61eOiE/edit?usp=sharing"",""wedding photo booth rentals long beach"")",,
calendar,Calendar - wedding photo booth rentals long beach,"=HYPERLINK(""https://calendar.google.com/calendar/embed?src=858c17a559d1f9ca765477e68fa507aea57428f6fd1525d0cad0cd4c42cfbb21@group.calendar.google.com"", IMAGE(""https://chart.googleapis.com/chart?chs=150x150&cht=qr&chl=https://calendar.google.com/calendar/embed?src=858c17a559d1f9ca765477e68fa507aea57428f6fd1525d0cad0cd4c42cfbb21@group.calendar.google.com"",1))",https://calendar.google.com/calendar/embed?src=858c17a559d1f9ca765477e68fa507aea57428f6fd1525d0cad0cd4c42cfbb21@group.calendar.google.com,"=HYPERLINK(""https://calendar.google.com/calendar/embed?src=858c17a559d1f9ca765477e68fa507aea57428f6fd1525d0cad0cd4c42cfbb21@group.calendar.google.com"",""wedding photo booth rentals long beach"")",,
Calendar - All Day Event,Calendar - wedding photo booth rentals long beach - Event,"=HYPERLINK(""https://www.google.com/calendar/event?eid=a2c2MGtsazdwdmJoN242a2ZhNHJ1NHM5OWsgODU4YzE3YTU1OWQxZjljYTc2NTQ3N2U2OGZhNTA3YWVhNTc0MjhmNmZkMTUyNWQwY2FkMGNkNGM0MmNmYmIyMUBncm91cC5jYWxlbmRhci5nb29nbGUuY29t"", IMAGE(""https://chart.googleapis.com/chart?chs=150x150&cht=qr&chl=https://www.google.com/calendar/event?eid=a2c2MGtsazdwdmJoN242a2ZhNHJ1NHM5OWsgODU4YzE3YTU1OWQxZjljYTc2NTQ3N2U2OGZhNTA3YWVhNTc0MjhmNmZkMTUyNWQwY2FkMGNkNGM0MmNmYmIyMUBncm91cC5jYWxlbmRhci5nb29nbGUuY29t"",1))",https://www.google.com/calendar/event?eid=a2c2MGtsazdwdmJoN242a2ZhNHJ1NHM5OWsgODU4YzE3YTU1OWQxZjljYTc2NTQ3N2U2OGZhNTA3YWVhNTc0MjhmNmZkMTUyNWQwY2FkMGNkNGM0MmNmYmIyMUBncm91cC5jYWxlbmRhci5nb29nbGUuY29t,"=HYPERLINK(""https://www.google.com/calendar/event?eid=a2c2MGtsazdwdmJoN242a2ZhNHJ1NHM5OWsgODU4YzE3YTU1OWQxZjljYTc2NTQ3N2U2OGZhNTA3YWVhNTc0MjhmNmZkMTUyNWQwY2FkMGNkNGM0MmNmYmIyMUBncm91cC5jYWxlbmRhci5nb29nbGUuY29t"",""wedding photo booth rentals long beach"")",,
Calendar - All Day Event,Calendar - wedding photo booth rentals long beach - Event,"=HYPERLINK(""https://www.google.com/calendar/event?eid=ODM5dGcyYjJtcGJkcGhyOTlrN2swMDFxb2MgODU4YzE3YTU1OWQxZjljYTc2NTQ3N2U2OGZhNTA3YWVhNTc0MjhmNmZkMTUyNWQwY2FkMGNkNGM0MmNmYmIyMUBncm91cC5jYWxlbmRhci5nb29nbGUuY29t"", IMAGE(""https://chart.googleapis.com/chart?chs=150x150&cht=qr&chl=https://www.google.com/calendar/event?eid=ODM5dGcyYjJtcGJkcGhyOTlrN2swMDFxb2MgODU4YzE3YTU1OWQxZjljYTc2NTQ3N2U2OGZhNTA3YWVhNTc0MjhmNmZkMTUyNWQwY2FkMGNkNGM0MmNmYmIyMUBncm91cC5jYWxlbmRhci5nb29nbGUuY29t"",1))",https://www.google.com/calendar/event?eid=ODM5dGcyYjJtcGJkcGhyOTlrN2swMDFxb2MgODU4YzE3YTU1OWQxZjljYTc2NTQ3N2U2OGZhNTA3YWVhNTc0MjhmNmZkMTUyNWQwY2FkMGNkNGM0MmNmYmIyMUBncm91cC5jYWxlbmRhci5nb29nbGUuY29t,"=HYPERLINK(""https://www.google.com/calendar/event?eid=ODM5dGcyYjJtcGJkcGhyOTlrN2swMDFxb2MgODU4YzE3YTU1OWQxZjljYTc2NTQ3N2U2OGZhNTA3YWVhNTc0MjhmNmZkMTUyNWQwY2FkMGNkNGM0MmNmYmIyMUBncm91cC5jYWxlbmRhci5nb29nbGUuY29t"",""wedding photo booth rentals long beach"")",,
Calendar - All Day Event,Calendar - wedding photo booth rentals long beach - Event,"=HYPERLINK(""https://www.google.com/calendar/event?eid=YW44ZWNybWVhMzAwaGxtYXRwYmg0ZjF1ZWMgODU4YzE3YTU1OWQxZjljYTc2NTQ3N2U2OGZhNTA3YWVhNTc0MjhmNmZkMTUyNWQwY2FkMGNkNGM0MmNmYmIyMUBncm91cC5jYWxlbmRhci5nb29nbGUuY29t"", IMAGE(""https://chart.googleapis.com/chart?chs=150x150&cht=qr&chl=https://www.google.com/calendar/event?eid=YW44ZWNybWVhMzAwaGxtYXRwYmg0ZjF1ZWMgODU4YzE3YTU1OWQxZjljYTc2NTQ3N2U2OGZhNTA3YWVhNTc0MjhmNmZkMTUyNWQwY2FkMGNkNGM0MmNmYmIyMUBncm91cC5jYWxlbmRhci5nb29nbGUuY29t"",1))",https://www.google.com/calendar/event?eid=YW44ZWNybWVhMzAwaGxtYXRwYmg0ZjF1ZWMgODU4YzE3YTU1OWQxZjljYTc2NTQ3N2U2OGZhNTA3YWVhNTc0MjhmNmZkMTUyNWQwY2FkMGNkNGM0MmNmYmIyMUBncm91cC5jYWxlbmRhci5nb29nbGUuY29t,"=HYPERLINK(""https://www.google.com/calendar/event?eid=YW44ZWNybWVhMzAwaGxtYXRwYmg0ZjF1ZWMgODU4YzE3YTU1OWQxZjljYTc2NTQ3N2U2OGZhNTA3YWVhNTc0MjhmNmZkMTUyNWQwY2FkMGNkNGM0MmNmYmIyMUBncm91cC5jYWxlbmRhci5nb29nbGUuY29t"",""wedding photo booth rentals long beach"")",,
Calendar - All Day Event,Calendar - wedding photo booth rentals long beach - Event,"=HYPERLINK(""https://www.google.com/calendar/event?eid=dDFwbjkxcjFhNmFoNXVhMzk1cXJtdGE0cDAgODU4YzE3YTU1OWQxZjljYTc2NTQ3N2U2OGZhNTA3YWVhNTc0MjhmNmZkMTUyNWQwY2FkMGNkNGM0MmNmYmIyMUBncm91cC5jYWxlbmRhci5nb29nbGUuY29t"", IMAGE(""https://chart.googleapis.com/chart?chs=150x150&cht=qr&chl=https://www.google.com/calendar/event?eid=dDFwbjkxcjFhNmFoNXVhMzk1cXJtdGE0cDAgODU4YzE3YTU1OWQxZjljYTc2NTQ3N2U2OGZhNTA3YWVhNTc0MjhmNmZkMTUyNWQwY2FkMGNkNGM0MmNmYmIyMUBncm91cC5jYWxlbmRhci5nb29nbGUuY29t"",1))",https://www.google.com/calendar/event?eid=dDFwbjkxcjFhNmFoNXVhMzk1cXJtdGE0cDAgODU4YzE3YTU1OWQxZjljYTc2NTQ3N2U2OGZhNTA3YWVhNTc0MjhmNmZkMTUyNWQwY2FkMGNkNGM0MmNmYmIyMUBncm91cC5jYWxlbmRhci5nb29nbGUuY29t,"=HYPERLINK(""https://www.google.com/calendar/event?eid=dDFwbjkxcjFhNmFoNXVhMzk1cXJtdGE0cDAgODU4YzE3YTU1OWQxZjljYTc2NTQ3N2U2OGZhNTA3YWVhNTc0MjhmNmZkMTUyNWQwY2FkMGNkNGM0MmNmYmIyMUBncm91cC5jYWxlbmRhci5nb29nbGUuY29t"",""wedding photo booth rentals long beach"")",,
Calendar - All Day Event,Calendar - wedding photo booth rentals long beach - Event,"=HYPERLINK(""https://www.google.com/calendar/event?eid=bDN1dWFtOHJyY2VqZm1oNWlnZmFrdXVjdDggODU4YzE3YTU1OWQxZjljYTc2NTQ3N2U2OGZhNTA3YWVhNTc0MjhmNmZkMTUyNWQwY2FkMGNkNGM0MmNmYmIyMUBncm91cC5jYWxlbmRhci5nb29nbGUuY29t"", IMAGE(""https://chart.googleapis.com/chart?chs=150x150&cht=qr&chl=https://www.google.com/calendar/event?eid=bDN1dWFtOHJyY2VqZm1oNWlnZmFrdXVjdDggODU4YzE3YTU1OWQxZjljYTc2NTQ3N2U2OGZhNTA3YWVhNTc0MjhmNmZkMTUyNWQwY2FkMGNkNGM0MmNmYmIyMUBncm91cC5jYWxlbmRhci5nb29nbGUuY29t"",1))",https://www.google.com/calendar/event?eid=bDN1dWFtOHJyY2VqZm1oNWlnZmFrdXVjdDggODU4YzE3YTU1OWQxZjljYTc2NTQ3N2U2OGZhNTA3YWVhNTc0MjhmNmZkMTUyNWQwY2FkMGNkNGM0MmNmYmIyMUBncm91cC5jYWxlbmRhci5nb29nbGUuY29t,"=HYPERLINK(""https://www.google.com/calendar/event?eid=bDN1dWFtOHJyY2VqZm1oNWlnZmFrdXVjdDggODU4YzE3YTU1OWQxZjljYTc2NTQ3N2U2OGZhNTA3YWVhNTc0MjhmNmZkMTUyNWQwY2FkMGNkNGM0MmNmYmIyMUBncm91cC5jYWxlbmRhci5nb29nbGUuY29t"",""wedding photo booth rentals long beach"")",,
Calendar - All Day Event,Calendar - wedding photo booth rentals long beach - Event,"=HYPERLINK(""https://www.google.com/calendar/event?eid=cTV1dW5kbXR0NWFrOTc5a2tmcWVtb2Q1ZDAgODU4YzE3YTU1OWQxZjljYTc2NTQ3N2U2OGZhNTA3YWVhNTc0MjhmNmZkMTUyNWQwY2FkMGNkNGM0MmNmYmIyMUBncm91cC5jYWxlbmRhci5nb29nbGUuY29t"", IMAGE(""https://chart.googleapis.com/chart?chs=150x150&cht=qr&chl=https://www.google.com/calendar/event?eid=cTV1dW5kbXR0NWFrOTc5a2tmcWVtb2Q1ZDAgODU4YzE3YTU1OWQxZjljYTc2NTQ3N2U2OGZhNTA3YWVhNTc0MjhmNmZkMTUyNWQwY2FkMGNkNGM0MmNmYmIyMUBncm91cC5jYWxlbmRhci5nb29nbGUuY29t"",1))",https://www.google.com/calendar/event?eid=cTV1dW5kbXR0NWFrOTc5a2tmcWVtb2Q1ZDAgODU4YzE3YTU1OWQxZjljYTc2NTQ3N2U2OGZhNTA3YWVhNTc0MjhmNmZkMTUyNWQwY2FkMGNkNGM0MmNmYmIyMUBncm91cC5jYWxlbmRhci5nb29nbGUuY29t,"=HYPERLINK(""https://www.google.com/calendar/event?eid=cTV1dW5kbXR0NWFrOTc5a2tmcWVtb2Q1ZDAgODU4YzE3YTU1OWQxZjljYTc2NTQ3N2U2OGZhNTA3YWVhNTc0MjhmNmZkMTUyNWQwY2FkMGNkNGM0MmNmYmIyMUBncm91cC5jYWxlbmRhci5nb29nbGUuY29t"",""wedding photo booth rentals long beach"")",,
Calendar - All Day Event,Calendar - wedding photo booth rentals long beach - Event,"=HYPERLINK(""https://www.google.com/calendar/event?eid=Z2s4ZTg0OG9vNGx0cGhpY2c0bzZhcGhkZDggODU4YzE3YTU1OWQxZjljYTc2NTQ3N2U2OGZhNTA3YWVhNTc0MjhmNmZkMTUyNWQwY2FkMGNkNGM0MmNmYmIyMUBncm91cC5jYWxlbmRhci5nb29nbGUuY29t"", IMAGE(""https://chart.googleapis.com/chart?chs=150x150&cht=qr&chl=https://www.google.com/calendar/event?eid=Z2s4ZTg0OG9vNGx0cGhpY2c0bzZhcGhkZDggODU4YzE3YTU1OWQxZjljYTc2NTQ3N2U2OGZhNTA3YWVhNTc0MjhmNmZkMTUyNWQwY2FkMGNkNGM0MmNmYmIyMUBncm91cC5jYWxlbmRhci5nb29nbGUuY29t"",1))",https://www.google.com/calendar/event?eid=Z2s4ZTg0OG9vNGx0cGhpY2c0bzZhcGhkZDggODU4YzE3YTU1OWQxZjljYTc2NTQ3N2U2OGZhNTA3YWVhNTc0MjhmNmZkMTUyNWQwY2FkMGNkNGM0MmNmYmIyMUBncm91cC5jYWxlbmRhci5nb29nbGUuY29t,"=HYPERLINK(""https://www.google.com/calendar/event?eid=Z2s4ZTg0OG9vNGx0cGhpY2c0bzZhcGhkZDggODU4YzE3YTU1OWQxZjljYTc2NTQ3N2U2OGZhNTA3YWVhNTc0MjhmNmZkMTUyNWQwY2FkMGNkNGM0MmNmYmIyMUBncm91cC5jYWxlbmRhci5nb29nbGUuY29t"",""wedding photo booth rentals long beach"")",,
Calendar - All Day Event,Calendar - wedding photo booth rentals long beach - Event,"=HYPERLINK(""https://www.google.com/calendar/event?eid=NWZjcGdwcGowbW9jaGw3b2dsbXN1N25pdDAgODU4YzE3YTU1OWQxZjljYTc2NTQ3N2U2OGZhNTA3YWVhNTc0MjhmNmZkMTUyNWQwY2FkMGNkNGM0MmNmYmIyMUBncm91cC5jYWxlbmRhci5nb29nbGUuY29t"", IMAGE(""https://chart.googleapis.com/chart?chs=150x150&cht=qr&chl=https://www.google.com/calendar/event?eid=NWZjcGdwcGowbW9jaGw3b2dsbXN1N25pdDAgODU4YzE3YTU1OWQxZjljYTc2NTQ3N2U2OGZhNTA3YWVhNTc0MjhmNmZkMTUyNWQwY2FkMGNkNGM0MmNmYmIyMUBncm91cC5jYWxlbmRhci5nb29nbGUuY29t"",1))",https://www.google.com/calendar/event?eid=NWZjcGdwcGowbW9jaGw3b2dsbXN1N25pdDAgODU4YzE3YTU1OWQxZjljYTc2NTQ3N2U2OGZhNTA3YWVhNTc0MjhmNmZkMTUyNWQwY2FkMGNkNGM0MmNmYmIyMUBncm91cC5jYWxlbmRhci5nb29nbGUuY29t,"=HYPERLINK(""https://www.google.com/calendar/event?eid=NWZjcGdwcGowbW9jaGw3b2dsbXN1N25pdDAgODU4YzE3YTU1OWQxZjljYTc2NTQ3N2U2OGZhNTA3YWVhNTc0MjhmNmZkMTUyNWQwY2FkMGNkNGM0MmNmYmIyMUBncm91cC5jYWxlbmRhci5nb29nbGUuY29t"",""wedding photo booth rentals long beach"")",,
Calendar - All Day Event,Calendar - wedding photo booth rentals long beach - Event,"=HYPERLINK(""https://www.google.com/calendar/event?eid=dDIwb2JvdWtjYjY0bnZvcmc5NnI0Y2c2YjggODU4YzE3YTU1OWQxZjljYTc2NTQ3N2U2OGZhNTA3YWVhNTc0MjhmNmZkMTUyNWQwY2FkMGNkNGM0MmNmYmIyMUBncm91cC5jYWxlbmRhci5nb29nbGUuY29t"", IMAGE(""https://chart.googleapis.com/chart?chs=150x150&cht=qr&chl=https://www.google.com/calendar/event?eid=dDIwb2JvdWtjYjY0bnZvcmc5NnI0Y2c2YjggODU4YzE3YTU1OWQxZjljYTc2NTQ3N2U2OGZhNTA3YWVhNTc0MjhmNmZkMTUyNWQwY2FkMGNkNGM0MmNmYmIyMUBncm91cC5jYWxlbmRhci5nb29nbGUuY29t"",1))",https://www.google.com/calendar/event?eid=dDIwb2JvdWtjYjY0bnZvcmc5NnI0Y2c2YjggODU4YzE3YTU1OWQxZjljYTc2NTQ3N2U2OGZhNTA3YWVhNTc0MjhmNmZkMTUyNWQwY2FkMGNkNGM0MmNmYmIyMUBncm91cC5jYWxlbmRhci5nb29nbGUuY29t,"=HYPERLINK(""https://www.google.com/calendar/event?eid=dDIwb2JvdWtjYjY0bnZvcmc5NnI0Y2c2YjggODU4YzE3YTU1OWQxZjljYTc2NTQ3N2U2OGZhNTA3YWVhNTc0MjhmNmZkMTUyNWQwY2FkMGNkNGM0MmNmYmIyMUBncm91cC5jYWxlbmRhci5nb29nbGUuY29t"",""wedding photo booth rentals long beach"")",,
Calendar - All Day Event,Calendar - wedding photo booth rentals long beach - Event,"=HYPERLINK(""https://www.google.com/calendar/event?eid=MWRraDdvbGwzNzVhZDNoZnNocmtsYzUwMTAgODU4YzE3YTU1OWQxZjljYTc2NTQ3N2U2OGZhNTA3YWVhNTc0MjhmNmZkMTUyNWQwY2FkMGNkNGM0MmNmYmIyMUBncm91cC5jYWxlbmRhci5nb29nbGUuY29t"", IMAGE(""https://chart.googleapis.com/chart?chs=150x150&cht=qr&chl=https://www.google.com/calendar/event?eid=MWRraDdvbGwzNzVhZDNoZnNocmtsYzUwMTAgODU4YzE3YTU1OWQxZjljYTc2NTQ3N2U2OGZhNTA3YWVhNTc0MjhmNmZkMTUyNWQwY2FkMGNkNGM0MmNmYmIyMUBncm91cC5jYWxlbmRhci5nb29nbGUuY29t"",1))",https://www.google.com/calendar/event?eid=MWRraDdvbGwzNzVhZDNoZnNocmtsYzUwMTAgODU4YzE3YTU1OWQxZjljYTc2NTQ3N2U2OGZhNTA3YWVhNTc0MjhmNmZkMTUyNWQwY2FkMGNkNGM0MmNmYmIyMUBncm91cC5jYWxlbmRhci5nb29nbGUuY29t,"=HYPERLINK(""https://www.google.com/calendar/event?eid=MWRraDdvbGwzNzVhZDNoZnNocmtsYzUwMTAgODU4YzE3YTU1OWQxZjljYTc2NTQ3N2U2OGZhNTA3YWVhNTc0MjhmNmZkMTUyNWQwY2FkMGNkNGM0MmNmYmIyMUBncm91cC5jYWxlbmRhci5nb29nbGUuY29t"",""wedding photo booth rentals long beach"")",,
Calendar - All Day Event,Calendar - wedding photo booth rentals long beach - Event,"=HYPERLINK(""https://www.google.com/calendar/event?eid=ZWViczM1N3ZzYms0bWFyNjl2bG1zODFxZXMgODU4YzE3YTU1OWQxZjljYTc2NTQ3N2U2OGZhNTA3YWVhNTc0MjhmNmZkMTUyNWQwY2FkMGNkNGM0MmNmYmIyMUBncm91cC5jYWxlbmRhci5nb29nbGUuY29t"", IMAGE(""https://chart.googleapis.com/chart?chs=150x150&cht=qr&chl=https://www.google.com/calendar/event?eid=ZWViczM1N3ZzYms0bWFyNjl2bG1zODFxZXMgODU4YzE3YTU1OWQxZjljYTc2NTQ3N2U2OGZhNTA3YWVhNTc0MjhmNmZkMTUyNWQwY2FkMGNkNGM0MmNmYmIyMUBncm91cC5jYWxlbmRhci5nb29nbGUuY29t"",1))",https://www.google.com/calendar/event?eid=ZWViczM1N3ZzYms0bWFyNjl2bG1zODFxZXMgODU4YzE3YTU1OWQxZjljYTc2NTQ3N2U2OGZhNTA3YWVhNTc0MjhmNmZkMTUyNWQwY2FkMGNkNGM0MmNmYmIyMUBncm91cC5jYWxlbmRhci5nb29nbGUuY29t,"=HYPERLINK(""https://www.google.com/calendar/event?eid=ZWViczM1N3ZzYms0bWFyNjl2bG1zODFxZXMgODU4YzE3YTU1OWQxZjljYTc2NTQ3N2U2OGZhNTA3YWVhNTc0MjhmNmZkMTUyNWQwY2FkMGNkNGM0MmNmYmIyMUBncm91cC5jYWxlbmRhci5nb29nbGUuY29t"",""wedding photo booth rentals long beach"")",,
Calendar - All Day Event,Calendar - wedding photo booth rentals long beach - Event,"=HYPERLINK(""https://www.google.com/calendar/event?eid=am5oMzlzMnNvNGltdHFnaGt1ajBsa2xjbzggODU4YzE3YTU1OWQxZjljYTc2NTQ3N2U2OGZhNTA3YWVhNTc0MjhmNmZkMTUyNWQwY2FkMGNkNGM0MmNmYmIyMUBncm91cC5jYWxlbmRhci5nb29nbGUuY29t"", IMAGE(""https://chart.googleapis.com/chart?chs=150x150&cht=qr&chl=https://www.google.com/calendar/event?eid=am5oMzlzMnNvNGltdHFnaGt1ajBsa2xjbzggODU4YzE3YTU1OWQxZjljYTc2NTQ3N2U2OGZhNTA3YWVhNTc0MjhmNmZkMTUyNWQwY2FkMGNkNGM0MmNmYmIyMUBncm91cC5jYWxlbmRhci5nb29nbGUuY29t"",1))",https://www.google.com/calendar/event?eid=am5oMzlzMnNvNGltdHFnaGt1ajBsa2xjbzggODU4YzE3YTU1OWQxZjljYTc2NTQ3N2U2OGZhNTA3YWVhNTc0MjhmNmZkMTUyNWQwY2FkMGNkNGM0MmNmYmIyMUBncm91cC5jYWxlbmRhci5nb29nbGUuY29t,"=HYPERLINK(""https://www.google.com/calendar/event?eid=am5oMzlzMnNvNGltdHFnaGt1ajBsa2xjbzggODU4YzE3YTU1OWQxZjljYTc2NTQ3N2U2OGZhNTA3YWVhNTc0MjhmNmZkMTUyNWQwY2FkMGNkNGM0MmNmYmIyMUBncm91cC5jYWxlbmRhci5nb29nbGUuY29t"",""wedding photo booth rentals long beach"")",,
Calendar - All Day Event,Calendar - wedding photo booth rentals long beach - Event,"=HYPERLINK(""https://www.google.com/calendar/event?eid=b2FzbmE5YnM2OGplNWh0YTc2bmgwYmcyNWMgODU4YzE3YTU1OWQxZjljYTc2NTQ3N2U2OGZhNTA3YWVhNTc0MjhmNmZkMTUyNWQwY2FkMGNkNGM0MmNmYmIyMUBncm91cC5jYWxlbmRhci5nb29nbGUuY29t"", IMAGE(""https://chart.googleapis.com/chart?chs=150x150&cht=qr&chl=https://www.google.com/calendar/event?eid=b2FzbmE5YnM2OGplNWh0YTc2bmgwYmcyNWMgODU4YzE3YTU1OWQxZjljYTc2NTQ3N2U2OGZhNTA3YWVhNTc0MjhmNmZkMTUyNWQwY2FkMGNkNGM0MmNmYmIyMUBncm91cC5jYWxlbmRhci5nb29nbGUuY29t"",1))",https://www.google.com/calendar/event?eid=b2FzbmE5YnM2OGplNWh0YTc2bmgwYmcyNWMgODU4YzE3YTU1OWQxZjljYTc2NTQ3N2U2OGZhNTA3YWVhNTc0MjhmNmZkMTUyNWQwY2FkMGNkNGM0MmNmYmIyMUBncm91cC5jYWxlbmRhci5nb29nbGUuY29t,"=HYPERLINK(""https://www.google.com/calendar/event?eid=b2FzbmE5YnM2OGplNWh0YTc2bmgwYmcyNWMgODU4YzE3YTU1OWQxZjljYTc2NTQ3N2U2OGZhNTA3YWVhNTc0MjhmNmZkMTUyNWQwY2FkMGNkNGM0MmNmYmIyMUBncm91cC5jYWxlbmRhci5nb29nbGUuY29t"",""wedding photo booth rentals long beach"")",,
video,wedding photo booth rentals long beach,"=HYPERLINK(""https://youtu.be/wJvdRfsoTIo"", IMAGE(""https://chart.googleapis.com/chart?chs=150x150&cht=qr&chl=https://youtu.be/wJvdRfsoTIo"",1))",https://youtu.be/wJvdRfsoTIo,"=HYPERLINK(""https://youtu.be/wJvdRfsoTIo"",""wedding photo booth rentals long beach"")",,
video,wedding photo booth rentals long beach,"=HYPERLINK(""https://youtu.be/n7Qs4eitlPE"", IMAGE(""https://chart.googleapis.com/chart?chs=150x150&cht=qr&chl=https://youtu.be/n7Qs4eitlPE"",1))",https://youtu.be/n7Qs4eitlPE,"=HYPERLINK(""https://youtu.be/n7Qs4eitlPE"",""wedding photo booth rentals long beach"")",,
video,wedding photo booth rentals long beach,"=HYPERLINK(""https://youtu.be/h2vd1AdzbBQ"", IMAGE(""https://chart.googleapis.com/chart?chs=150x150&cht=qr&chl=https://youtu.be/h2vd1AdzbBQ"",1))",https://youtu.be/h2vd1AdzbBQ,"=HYPERLINK(""https://youtu.be/h2vd1AdzbBQ"",""wedding photo booth rentals long beach"")",,
video,wedding photo booth rentals long beach,"=HYPERLINK(""https://youtu.be/cW3C-k-zJwU"", IMAGE(""https://chart.googleapis.com/chart?chs=150x150&cht=qr&chl=https://youtu.be/cW3C-k-zJwU"",1))",https://youtu.be/cW3C-k-zJwU,"=HYPERLINK(""https://youtu.be/cW3C-k-zJwU"",""wedding photo booth rentals long beach"")",,
sheet,Sheet1,"=HYPERLINK(""https://docs.google.com/spreadsheets/d/1OCPAVyKWr0PhYOLVjw-upW9qPD83W5HovbQ8q-awMcY/edit#gid=0"", IMAGE(""https://chart.googleapis.com/chart?chs=150x150&cht=qr&chl=https://docs.google.com/spreadsheets/d/1OCPAVyKWr0PhYOLVjw-upW9qPD83W5HovbQ8q-awMcY/edit#gid=0"",1))",https://docs.google.com/spreadsheets/d/1OCPAVyKWr0PhYOLVjw-upW9qPD83W5HovbQ8q-awMcY/edit#gid=0,"=HYPERLINK(""https://docs.google.com/spreadsheets/d/1OCPAVyKWr0PhYOLVjw-upW9qPD83W5HovbQ8q-awMcY/edit#gid=0"",""wedding photo booth rentals long beach Sheet1"")",,
sheet,Keywords,"=HYPERLINK(""https://docs.google.com/spreadsheets/d/1OCPAVyKWr0PhYOLVjw-upW9qPD83W5HovbQ8q-awMcY/edit#gid=514409726"", IMAGE(""https://chart.googleapis.com/chart?chs=150x150&cht=qr&chl=https://docs.google.com/spreadsheets/d/1OCPAVyKWr0PhYOLVjw-upW9qPD83W5HovbQ8q-awMcY/edit#gid=514409726"",1))",https://docs.google.com/spreadsheets/d/1OCPAVyKWr0PhYOLVjw-upW9qPD83W5HovbQ8q-awMcY/edit#gid=514409726,"=HYPERLINK(""https://docs.google.com/spreadsheets/d/1OCPAVyKWr0PhYOLVjw-upW9qPD83W5HovbQ8q-awMcY/edit#gid=514409726"",""wedding photo booth rentals long beach Keywords"")",,
sheet,Content,"=HYPERLINK(""https://docs.google.com/spreadsheets/d/1OCPAVyKWr0PhYOLVjw-upW9qPD83W5HovbQ8q-awMcY/edit#gid=1773233083"", IMAGE(""https://chart.googleapis.com/chart?chs=150x150&cht=qr&chl=https://docs.google.com/spreadsheets/d/1OCPAVyKWr0PhYOLVjw-upW9qPD83W5HovbQ8q-awMcY/edit#gid=1773233083"",1))",https://docs.google.com/spreadsheets/d/1OCPAVyKWr0PhYOLVjw-upW9qPD83W5HovbQ8q-awMcY/edit#gid=1773233083,"=HYPERLINK(""https://docs.google.com/spreadsheets/d/1OCPAVyKWr0PhYOLVjw-upW9qPD83W5HovbQ8q-awMcY/edit#gid=1773233083"",""wedding photo booth rentals long beach Content"")",,
sheet,Calendar Events,"=HYPERLINK(""https://docs.google.com/spreadsheets/d/1OCPAVyKWr0PhYOLVjw-upW9qPD83W5HovbQ8q-awMcY/edit#gid=1029600822"", IMAGE(""https://chart.googleapis.com/chart?chs=150x150&cht=qr&chl=https://docs.google.com/spreadsheets/d/1OCPAVyKWr0PhYOLVjw-upW9qPD83W5HovbQ8q-awMcY/edit#gid=1029600822"",1))",https://docs.google.com/spreadsheets/d/1OCPAVyKWr0PhYOLVjw-upW9qPD83W5HovbQ8q-awMcY/edit#gid=1029600822,"=HYPERLINK(""https://docs.google.com/spreadsheets/d/1OCPAVyKWr0PhYOLVjw-upW9qPD83W5HovbQ8q-awMcY/edit#gid=1029600822"",""wedding photo booth rentals long beach Calendar Events"")",,
sheet,RSS Feeds,"=HYPERLINK(""https://docs.google.com/spreadsheets/d/1OCPAVyKWr0PhYOLVjw-upW9qPD83W5HovbQ8q-awMcY/edit#gid=1858630137"", IMAGE(""https://chart.googleapis.com/chart?chs=150x150&cht=qr&chl=https://docs.google.com/spreadsheets/d/1OCPAVyKWr0PhYOLVjw-upW9qPD83W5HovbQ8q-awMcY/edit#gid=1858630137"",1))",https://docs.google.com/spreadsheets/d/1OCPAVyKWr0PhYOLVjw-upW9qPD83W5HovbQ8q-awMcY/edit#gid=1858630137,"=HYPERLINK(""https://docs.google.com/spreadsheets/d/1OCPAVyKWr0PhYOLVjw-upW9qPD83W5HovbQ8q-awMcY/edit#gid=1858630137"",""wedding photo booth rentals long beach RSS Feeds"")",,
